,OP_CODIGO,OP_PROVINCIA_CODIGO,OP_CANTON_CODIGO,OP_PARROQUIA_CODIGO,OP_TIPO,OP_AMBITO,OP_NOMBRE,OP_SIGLAS,OP_LISTA
0,1.0,0.0,0.0,0.0,PARTIDOS POLITICOS,NACIONAL,PARTIDO UNION NACIONAL UNO,UN - UNO,1
1,2.0,0.0,0.0,0.0,PARTIDOS POLITICOS,NACIONAL,PARTIDO LIBERAL RADICAL ECUATORIANO,PLRE,2
2,3.0,0.0,0.0,0.0,PARTIDOS POLITICOS,NACIONAL,PARTIDO SOCIEDAD PATRIOTICA 21 DE ENERO,PSP,3
3,4.0,0.0,0.0,0.0,PARTIDOS POLITICOS,NACIONAL,PARTIDO CONCENTRACION DE FUERZAS POPULARES,CFP,4
4,5.0,0.0,0.0,0.0,PARTIDOS POLITICOS,NACIONAL,PARTIDO DEMOCRACIA POPULAR - UNION DEMOCRATA CRISTIANA,DP-UDC,5
5,6.0,0.0,0.0,0.0,PARTIDOS POLITICOS,NACIONAL,PARTIDO SOCIAL CRISTIANO,PSC,6
6,7.0,0.0,0.0,0.0,PARTIDOS POLITICOS,NACIONAL,PARTIDO RENOVADOR INSTITUCIONAL ACCION NACIONAL,PRIAN,7
7,10.0,0.0,0.0,0.0,PARTIDOS POLITICOS,NACIONAL,PARTIDO ROLDOSISTA ECUATORIANO,PRE,10
8,11.0,0.0,0.0,0.0,PARTIDOS POLITICOS,NACIONAL,PARTIDO LIBERTAD,PL,11
9,12.0,0.0,0.0,0.0,PARTIDOS POLITICOS,NACIONAL,PARTIDO IZQUIERDA DEMOCRATICA,ID,12
10,14.0,0.0,0.0,0.0,PARTIDOS POLITICOS,NACIONAL,PARTIDO ALFARISMO NACIONAL,AN,14
11,15.0,0.0,0.0,0.0,PARTIDOS POLITICOS,NACIONAL,PARTIDO MOVIMIENTO POPULAR DEMOCRATICO,MPD,15
12,17.0,0.0,0.0,0.0,PARTIDOS POLITICOS,NACIONAL,PARTIDO SOCIALISTA - FRENTE AMPLIO,PS-FA,17
13,18.0,0.0,0.0,0.0,MOVIMIENTOS NACIONALES,NACIONAL,MOVIMIENTO UNIDAD PLURINACIONAL PACHAKUTIK - NUEVO PAIS,MUPP-NP,18
14,19.0,0.0,0.0,0.0,MOVIMIENTOS NACIONALES,NACIONAL,MOVIMIENTO REALIDAD 2000,MR2000,19
15,20.0,0.0,0.0,0.0,MOVIMIENTOS NACIONALES,NACIONAL,MOVIMIENTO RENOVACION DEMOCRATICA,MRD,20
16,21.0,0.0,0.0,0.0,MOVIMIENTOS NACIONALES,NACIONAL,MOVIMIENTO CIUDADANOS NUEVO PAIS,MCNP,21
17,22.0,0.0,0.0,0.0,MOVIMIENTOS NACIONALES,NACIONAL,MOVIMIENTO TRANSFORMACION SOCIAL INDEPENDIENTE,TSI,22
18,23.0,0.0,0.0,0.0,MOVIMIENTOS NACIONALES,NACIONAL,MOVIMIENTO NUEVO AMANECER,MNA,23
19,24.0,0.0,0.0,0.0,MOVIMIENTOS NACIONALES,NACIONAL,MOVIMIENTO PATRIA SOLIDARIA,MPS,24
20,25.0,0.0,0.0,0.0,MOVIMIENTOS NACIONALES,NACIONAL,MOVIMIENTO JUSTICIA,MJ,25
21,27.0,0.0,0.0,0.0,MOVIMIENTOS NACIONALES,NACIONAL,MOVIMIENTO INQUILINOS POR LA PATRIA,MIPP,27
22,28.0,0.0,0.0,0.0,MOVIMIENTOS NACIONALES,NACIONAL,MOVIMIENTO INDEPENDIENTE AMAUTA JATARI,MIAJ,28
23,29.0,0.0,0.0,0.0,MOVIMIENTOS NACIONALES,NACIONAL,MOVIMIENTO INDEPENDIENTE NACIONAL POR LA CONCERTACION SOCIAL,MINCS,29
24,30.0,0.0,0.0,0.0,MOVIMIENTOS NACIONALES,NACIONAL,MOVIMIENTO DE INTEGRACION NACIONAL - MIN,MIN,30
25,32.0,0.0,0.0,0.0,MOVIMIENTOS NACIONALES,NACIONAL,MOVIMIENTO PATRIOTICO SIMON BOLIVAR,MPSM,32
26,34.0,0.0,0.0,0.0,MOVIMIENTOS NACIONALES,NACIONAL,MOVIMIENTO POR LA SEGUNDA INDEPENDENCIA,MSI,34
27,35.0,0.0,0.0,0.0,MOVIMIENTOS NACIONALES,NACIONAL,PPPP,OPP,35
28,39.0,0.0,0.0,0.0,MOVIMIENTOS NACIONALES,NACIONAL,MOVIMIENTO ESPERANZA TRANSFORMACION Y  ACCION,META,39
29,40.0,0.0,0.0,0.0,MOVIMIENTOS NACIONALES,NACIONAL,BINOMIO ROLDOS PADILLA,RP,40
30,201.0,0.0,0.0,0.0,ALIANZAS,ALIANZA,PARTIDO LIBERAL RADICAL ECUATORIANO/MOVIMIENTO ESPERANZA TRANSFORMACION Y ACCION,PLRE/META,2-39
31,202.0,0.0,0.0,0.0,ALIANZAS,ALIANZA,PARTIDO SOCIEDAD PATRIOTICA 21 DE ENERO/MOVIMIENTO UNIDAD PLURINACIONAL PACHAKUTIK-NUEVO PAIS,PSP/MUPP-NP,3-18
32,10000000041.0,1.0,0.0,0.0,MOVIMIENTOS PROVINCIALES,PROVINCIAL,MOVIMIENTO INDEPENDIENTE FUERZA  AZUAYA DE DESARROLLO,MIFAD,41
33,10000000201.0,1.0,0.0,0.0,ALIANZAS,ALIANZA,ALIANZA SOCIAL CRISTIANO / IZQUIERDA DEMOCRATICA,PSC/ID,6-12
34,10000000202.0,1.0,0.0,0.0,ALIANZAS,ALIANZA,ALIANZA MOVIMIENTO POPULAR DEMOCRATICO / SOCIALISTA - FRENTE AMPLIO,MPD /PS-FA,15-17
35,12600000045.0,1.0,260.0,0.0,MOVIMIENTOS CANTONALES,CANTONAL,FUERZA ECUATORIANA,FE,45
36,12600000048.0,1.0,260.0,0.0,MOVIMIENTOS CANTONALES,CANTONAL,POR TI CUENCA,PTC,48
37,15550000042.0,1.0,555.0,0.0,MOVIMIENTOS CANTONALES,CANTONAL,MOVIMIENTO INDEPENDIENTE SOLIDARIO CAMPESINO PUCARA,MISCP,42
38,15560000043.0,1.0,556.0,0.0,MOVIMIENTOS CANTONALES,CANTONAL,MOVIMIENTO FRENTE INDEPENDIENTE PROGRESISTA PONCE ENRIQUEZ,MFIPPE,43
39,15560000044.0,1.0,556.0,0.0,MOVIMIENTOS CANTONALES,CANTONAL,MOVIMIENTO Y ACCION DE PUEBLOS ORGANIZADOS,MAPO,44
40,15560000047.0,1.0,556.0,0.0,MOVIMIENTOS CANTONALES,CANTONAL,MOVIMIENTO INDEPENDIENTE DE ACCION PARTICIPATIVA,MIAP,47
41,15560000203.0,1.0,556.0,0.0,ALIANZAS,ALIANZA,ALIANZA,DP-UDC/MAPO,5-44
42,15560000204.0,1.0,556.0,0.0,ALIANZAS,ALIANZA,ALIANZA SOCIAL CRISTIANO / MOVIMIENTO FRENTE  INDEPENDIENTE PROGRESISTA PONCE ENRIQUEZ,PSC/MFIPPE,6-43
43,19900000049.0,1.0,990.0,0.0,MOVIMIENTOS CANTONALES,CANTONAL,ASAMBLEAS DE FISCALIZACION GESTION Y TRANSPARENCIA GUACHAPALA,AFG,49
44,20000000042.0,2.0,0.0,0.0,MOVIMIENTOS PROVINCIALES,PROVINCIAL,MOVIMIENTO INDEPENDENCIA BOLIVARIANA,MIB,42
45,20000000201.0,2.0,0.0,0.0,ALIANZAS,ALIANZA,ALIANZA GRAN ALIANZA PROVINCIAL,UN - UNO/AN,1-14
46,20000000202.0,2.0,0.0,0.0,ALIANZAS,ALIANZA,ALIANZA BOLIVARIANA,TSI /MIB,22-42
47,20000000203.0,2.0,0.0,0.0,ALIANZAS,ALIANZA,PEPITO,MIB /MR2000,42-19
48,30000000041.0,3.0,0.0,0.0,MOVIMIENTOS PROVINCIALES,PROVINCIAL,MOVIMIENTO INDEPENDIENTE ALLI KAUSAY,MIAK,41
49,30000000201.0,3.0,0.0,0.0,ALIANZAS,ALIANZA,1-4-5,UN - UNO/CFP/DP-UDC,1-4-5
50,30000000202.0,3.0,0.0,0.0,ALIANZAS,ALIANZA,UNIDAD POPULAR,MPD /PS-FA,15-17
51,32350000203.0,3.0,235.0,0.0,ALIANZAS,ALIANZA,ALIANZA UNION NACIONAL/DEMOCRACIA POPULAR -UNION DEMOCRATA CRISTIANA,UN - UNO/DP-UDC,1-5
52,40000000041.0,4.0,0.0,0.0,MOVIMIENTOS PROVINCIALES,PROVINCIAL,MOVIMIENTO DE IDENTIDAD CARCHENSE,M.I.C.,41
53,40000000042.0,4.0,0.0,0.0,MOVIMIENTOS PROVINCIALES,PROVINCIAL,MOVIMIENTO INDEPENDIENTE TRABAJO Y DEMOCRACIA,T.D.,42
54,40000000201.0,4.0,0.0,0.0,ALIANZAS,ALIANZA,NUEVA ALTERNATIVA 6-14,PSC/AN,6-14
55,40000000202.0,4.0,0.0,0.0,ALIANZAS,ALIANZA,LISTAS 10-5,PRE /DP-UDC,10-5
56,40000000203.0,4.0,0.0,0.0,ALIANZAS,ALIANZA,IZQUIERDA UNIDA,MPD /PS-FA,15-17
57,40150000043.0,4.0,15.0,0.0,MOVIMIENTOS CANTONALES,CANTONAL,MOVIMIENTO INTEGRACION POPULAR,M.I.P,43
58,50000000201.0,5.0,0.0,0.0,ALIANZAS,ALIANZA,ALIANZA CONCENTRACION DE FUERZAS POPULARES/SOCIALISTA - FRENTE AMPLIO,CFP/PS-FA,4-17
59,50000000202.0,5.0,0.0,0.0,ALIANZAS,ALIANZA,ALIANZA SOCIAL CRISTIANO/ALFARISMO NACIONAL,PSC/AN,6-14
60,60000000041.0,6.0,0.0,0.0,MOVIMIENTOS PROVINCIALES,PROVINCIAL,MOVIMIENTO ACCION INDEPENDIENTE,MAI,41
61,60000000043.0,6.0,0.0,0.0,MOVIMIENTOS PROVINCIALES,PROVINCIAL,MOVIMIENTO ALIANZA DEL PUEBLO,MAP,43
62,60000000046.0,6.0,0.0,0.0,MOVIMIENTOS PROVINCIALES,PROVINCIAL,PARTICIPACION Y ACCION INDEPENDIENTE,PAN,46
63,60000000050.0,6.0,0.0,0.0,MOVIMIENTOS NACIONALES,NACIONAL,PROYECTO PATRIOTICO POPULAR,PPP,50
64,60000000051.0,6.0,0.0,0.0,MOVIMIENTOS NACIONALES,NACIONAL,MOVIMIENTO FUERZA ACTIVA DEL DESARROLLO ECUATORIANO,FADE,51
65,60000000201.0,6.0,0.0,0.0,ALIANZAS,ALIANZA,ALIANZA CONCENTRACION DE FUERZAS POPULARES/MOVIMIENTO CIUDADANO NUEVO PAIS,CFP/MCNP,4-21
66,60000000202.0,6.0,0.0,0.0,ALIANZAS,ALIANZA,ALIANZA SOCIALISTA -FRENTE AMPLIO/MOVIMIENTO MINGA 2000,PS-FA /MIN2000,17-47
67,61900000203.0,6.0,190.0,0.0,ALIANZAS,ALIANZA,ALIANZA SOCIEDAD PATRIOTICA 21 DE ENERO/MOVIMIENTO POPULAR DEMOCRATICO,PSP/MPD,3-15
68,62050000047.0,6.0,205.0,0.0,MOVIMIENTOS CANTONALES,CANTONAL,MINGA 2000,MIN2000,47
69,62050000204.0,6.0,205.0,0.0,ALIANZAS,ALIANZA,ALIANZA,ID /AN,12-14
70,62050000205.0,6.0,205.0,0.0,ALIANZAS,ALIANZA,ALIANZA,MIN2000 /PS-FA,47-17
71,62100000044.0,6.0,210.0,0.0,MOVIMIENTOS CANTONALES,CANTONAL,"MOVIMIENTO DE UNIDAD CORONEL ""AMBROSIO LASSO""",MUCAL,44
72,62100000206.0,6.0,210.0,0.0,ALIANZAS,ALIANZA,ALIANZA,DP-UDC/MUCAL,5-44
73,62150000207.0,6.0,215.0,0.0,ALIANZAS,ALIANZA,ALIANZA,CFP/PSC,4-6
74,62150000208.0,6.0,215.0,0.0,ALIANZAS,ALIANZA,ALIANZA,DP-UDC/MAI,5-41
75,62200000209.0,6.0,220.0,0.0,ALIANZAS,ALIANZA,ALIANZA SOCIALISTA FRENTE AMPLIO/SOCIEDAD PATRIOTICA 21 DE ENERO,PS-FA /PSP,17-3
76,70000000041.0,7.0,0.0,0.0,MOVIMIENTOS PROVINCIALES,PROVINCIAL,MOVIMIENTO CIVICO INDEPENDIENTE,MCI,41
77,70000000043.0,7.0,0.0,0.0,MOVIMIENTOS PROVINCIALES,PROVINCIAL,MOVIMIENTO PARA EL PUEBLO,MPP,43
78,70000000044.0,7.0,0.0,0.0,MOVIMIENTOS PROVINCIALES,PROVINCIAL,MOVIMIENTO CIVICO FUERZA ORENSE,MCFO,44
79,70000000201.0,7.0,0.0,0.0,ALIANZAS,ALIANZA,ALIANZA UNION NACIONAL UNO / MOVIMIENTO CIVICO INDEPENDIENTE,UN - UNO/MCI,1-41
80,70000000202.0,7.0,0.0,0.0,ALIANZAS,ALIANZA,ALIANZA LIBERAL RADICAL ECUATORIANO /ALFARISMO NACIONAL,PLRE/AN,2-14
81,70000000203.0,7.0,0.0,0.0,ALIANZAS,ALIANZA,ALIANZA SOCIEDAD PATRIOTICA 21 DE ENERO/MOVIMIENTO UNIDAD PLURINACIONAL PACHAKUTIK - NUEVO PAIS / MOVIMIENTO PUEBLO PARA EL PUEBLO,PSP/MUPP-NP /MPP,3-18-43
82,73500000045.0,7.0,350.0,0.0,MOVIMIENTOS CANTONALES,CANTONAL,,,45
83,73550000204.0,7.0,355.0,0.0,ALIANZAS,ALIANZA,ALIANZA,MCNP /UN - UNO,21-1
84,73550000205.0,7.0,355.0,0.0,ALIANZAS,ALIANZA,ALIANZA MOVIMIENTO CIUDADANOS NUEVO PAIS/MOVIMIENTO CIVICO INDEPENDIENTE/UNION NACIONAL -UNO,MCNP /MCI /UN - UNO,21-41-1
85,75850000206.0,7.0,585.0,0.0,ALIANZAS,ALIANZA,ALIANZA POPULAR CHILLA 2002,ID - MPDID /MPD,12-15
86,76900000207.0,7.0,690.0,0.0,ALIANZAS,ALIANZA,ALIANZA,PRE /DP-UDC,10-5
87,76950000042.0,7.0,695.0,0.0,MOVIMIENTOS CANTONALES,CANTONAL,,FIMA,42
88,77050000208.0,7.0,705.0,0.0,ALIANZAS,ALIANZA,ALIANZA DEMOCRACIA POPULAR- UNION DEMOCRATA CRISTIANA/IZQUIERDA DEMOCRATICA,DP-UDC/ID,5-12
89,78600000209.0,7.0,860.0,0.0,ALIANZAS,ALIANZA,ALIANZA CONCENTRACION FUERZAS POPULARES / MOVIMIENTO PATRIA SOLIDARIA,CFP/MPS,4-24
90,78750000210.0,7.0,875.0,0.0,ALIANZAS,ALIANZA,ALIANZA LIBERAL RADICAL ECUATORIANO/ALFARISMO NACIONAL/MOVIMIENTO POPULAR DEMOCRATICO,PLRE/AN /MPD,2-14-15
91,80000000041.0,8.0,0.0,0.0,MOVIMIENTOS PROVINCIALES,PROVINCIAL,MUJERES AL PODER,MUJERES AL PODER,41
92,80000000042.0,8.0,0.0,0.0,MOVIMIENTOS PROVINCIALES,PROVINCIAL,MOVIMIENTO INDEPENDIENTE AFRO ESMERALDEÑO RAICES,MAER,42
93,80000000043.0,8.0,0.0,0.0,MOVIMIENTOS PROVINCIALES,PROVINCIAL,MOVIMIENTO INDEPENDIENTE ACCION NUEVA,MIAN,43
94,80000000201.0,8.0,0.0,0.0,ALIANZAS,ALIANZA,ALIANZA UNIDAD ESMERALDEÑA,DP-UDC/MIN,5-30
95,85700000202.0,8.0,570.0,0.0,ALIANZAS,ALIANZA,ALIANZA IZQUIERDA DEMOCRATICA / DEMOCRACIA POPULAR - UNION DEMOCRATA CRISTIANA,ID /DP-UDC,12-5
96,90000000043.0,9.0,0.0,0.0,MOVIMIENTOS PROVINCIALES,PROVINCIAL,MOVIMIENTO INDEPENDIENTE NUEVO HORIZONTE,MNH,43
97,90000000044.0,9.0,0.0,0.0,MOVIMIENTOS PROVINCIALES,PROVINCIAL,ALIANZA POLITICA INDEPENDIENTE ECUATORIANA,APIE,44
98,90000000048.0,9.0,0.0,0.0,MOVIMIENTOS PROVINCIALES,PROVINCIAL,UNION DEMOCRATA CRISTIANA,UDC,48
99,90950000050.0,9.0,95.0,0.0,MOVIMIENTOS CANTONALES,CANTONAL,MOVIMIENTO INDEPENDIENTE PROGRESISTA BALOENSE,MPB,50
100,94250000201.0,9.0,425.0,0.0,ALIANZAS,ALIANZA,ALIANZA DEMOCRACIA POPULAR-UNION DEMOCRATA CRISTIANA/SOCIALISTA FRENTE AMPLIO,DP-UDC/PS-FA,5-17
101,94300000202.0,9.0,430.0,0.0,ALIANZAS,ALIANZA,ALIANZA CONCENTRACION DE FUERZAS POPULARES/MOVIMIENTO UNIDAD PLURINACIONAL PACHAKUTIK-NUEVO PAIS,CFP/MUPP-NP,4-18
102,100000000201.0,10.0,0.0,0.0,ALIANZAS,ALIANZA,ALIANZA UNION NACIONAL - UNO / DEMOCRACIA POPULAR - UNION DEMOCRATA CRISTIANA,UN - UNO/DP-UDC,1-5
103,100000000202.0,10.0,0.0,0.0,ALIANZAS,ALIANZA,UNIDAD PATRIOTICA POPULAR,PSP/MPD,3-15
104,100000000203.0,10.0,0.0,0.0,ALIANZAS,ALIANZA,UNIDAD IMBABUREÑA,PSC/AN,6-14
105,100350000042.0,10.0,35.0,0.0,MOVIMIENTOS CANTONALES,CANTONAL,MOVIMIENTO INDEPENDIENTE ECUADOR RUMIÑAHUI,MIER,42
106,100500000041.0,10.0,50.0,0.0,MOVIMIENTOS CANTONALES,CANTONAL,MOVIMIENTO INDEDPENDIENTE TIERRA NUESTRA,M-TNT,41
107,100500000204.0,10.0,50.0,0.0,ALIANZAS,ALIANZA,UNIDAD CANTONAL,DP-UDC/PSC/AN,5-6-14
108,110000000042.0,11.0,0.0,0.0,MOVIMIENTOS PROVINCIALES,PROVINCIAL,MOVIMIENTO DE INTEGRACION REGIONAL ECUATORIANO,MIRE,42
109,110000000201.0,11.0,0.0,0.0,ALIANZAS,ALIANZA,ALIANZA IZQUIERDA DEMOCRATICA / MOVIMIENTO DE INTEGRACION REGIONAL ECUATORIANO,ID/MIRE,12-42
110,113100000202.0,11.0,310.0,0.0,ALIANZAS,ALIANZA,ALIANZA MOVIMIENTO POPULAR DEMOCRATICO/SOCIALISTA-FRENTE AMPLIO,MPD /PS-FA MPD /PS-FA,15-17
111,113110000203.0,11.0,311.0,0.0,ALIANZAS,ALIANZA,ALIANZA MOVIMIENTO POPULAR DEMOCRATICO/ SOCIALISTA-FRENTE AMPLIO,MPD /PS-FA,15-17
112,113150000204.0,11.0,315.0,0.0,ALIANZAS,ALIANZA,ALIANZA SOCIEDAD PATRIOTICA 21 DE ENERO/MOVIMIENTO POPULAR DEMOCRATICO/SOCIALISTA FRENTE AMPLIO,PSP/MPD /PS-FA,3-15-17
113,113250000205.0,11.0,325.0,0.0,ALIANZAS,ALIANZA,ALIANZA LIBERAL RADICAL ECUATORIANO/CONCENTRACION DE FUERZAS POPULARES,PLRE/CFP,2-4
114,113250000206.0,11.0,325.0,0.0,ALIANZAS,ALIANZA, ALIANZA MOVIMIENTO POPULAR DEMOCRATICO/SOCIALISTA FRENTE AMPLIO,MPD /PS-FA,15-17
115,113300000207.0,11.0,330.0,0.0,ALIANZAS,ALIANZA,ALIANZA MOVIMIENTO POPULAR DEMOCRATICO/SOCIALISTA FRENTE AMPLIO/SOCIEDAD PATRIOTICA 21 DE ENERO,MPD/PS-FA/PSP,15-17-3
116,113350000208.0,11.0,335.0,0.0,ALIANZAS,ALIANZA,ALIANZA MOVIMIENTO POPULAR DEMOCRATICO /SOCIALISTA- FRENTE AMPLIO,MPD /PS-FA,15-17
117,113400000209.0,11.0,340.0,0.0,ALIANZAS,ALIANZA,ALIANZA MOVIMIENTO POPULAR DEMOCRATICO/SOCIALISTA-FRENTE AMPLIO,MPD /PS-FA,15-17
118,113450000210.0,11.0,345.0,0.0,ALIANZAS,ALIANZA,ALIANZA MOVIMIENTO POPULAR DEMOCRATICO/SOCIALISTA - FRENTE AMPLIO,MPD /PS-FA,15-17
119,117300000211.0,11.0,730.0,0.0,ALIANZAS,ALIANZA,ALIANZA MOVIMIENTO POPULAR DEMOCRATICO/SOCIEDAD PATRIOTICA 21 DE ENERO,MPD/PSP,15-3
120,117400000043.0,11.0,740.0,0.0,MOVIMIENTOS CANTONALES,CANTONAL,FRENTE DE ACCION Y DESARROLLO QUILANGUENSE,FADQ,43
121,118150000212.0,11.0,815.0,0.0,ALIANZAS,ALIANZA,ALIANZA MOVIMIENTO POPULAR DEMOCRATICO/SOCIALISTA FRENTE AMPLIO,MPD /PS-FA,15-17
122,120000000201.0,12.0,0.0,0.0,ALIANZAS,ALIANZA,ALIANZA SOCIEDAD PATRIOTICA 21 DE ENERO / MOVIMIENTO POPULAR DEMOCRATICO,PSP/MPD,3-15
123,120000000202.0,12.0,0.0,0.0,ALIANZAS,ALIANZA,ALIANZA SOCIEDAD PATRIOTICA -MPD-PACHAKUTIK,PSP/MPD /MUPP-NP,3-15-18
124,120000000203.0,12.0,0.0,0.0,ALIANZAS,ALIANZA,ALIANZA MPD-SOCIEDAD PATRIOTICA-UNIDAD PLURINACIONAL,MPD /PSP/MUPP-NP,15-3-18
125,120000000204.0,12.0,0.0,0.0,ALIANZAS,ALIANZA,ALIANZA MPD-PACHAKUTIK,MPD /MUPP-NP,15-18
126,120000000205.0,12.0,0.0,0.0,ALIANZAS,ALIANZA,ALIANZA SOCIALISTA FRENTE AMPLIO-DEMOCRACIA POPULAR,PS-FA /DP-UDC,17-5
127,125400000206.0,12.0,540.0,0.0,ALIANZAS,ALIANZA,ALIANZA MOVIMIENTO UNIDAD PLURINACIONAL PACHAKUTIK-NUEVO PAIS/ SOCIEDAD PATRIOTICA  21 DE ENERO,MUPP-NP /PSP,18-3
128,130000000041.0,13.0,0.0,0.0,MOVIMIENTOS PROVINCIALES,PROVINCIAL,MOVIMIENTO ARTESANAL POLITICO ECUATORIANO,M.A.P.E.,41
129,130000000201.0,13.0,0.0,0.0,ALIANZAS,ALIANZA,ALIANZA,PSP/MUPP-NP /AN,3-18-14
130,134400000045.0,13.0,440.0,0.0,MOVIMIENTOS CANTONALES,CANTONAL,MOVIMIENTO POLITICO DE LIBERACION NACIONAL,MPLN,45
131,134500000042.0,13.0,450.0,0.0,MOVIMIENTOS CANTONALES,CANTONAL,MOVIMIENTO INDEPENDIENTE ULTIMA CUMBRE,MIUC,42
132,134500000044.0,13.0,450.0,0.0,MOVIMIENTOS CANTONALES,CANTONAL,MOVIMIENTO INDEPENDIENTE SOLUCION ECUATORIANA,MISE,44
133,134550000043.0,13.0,455.0,0.0,MOVIMIENTOS CANTONALES,CANTONAL,FRENTE REVOLUCIONARIO INDEPENDIENTE UNIVERSITARIO DE JIPIJAPA,FRIU-J,43
134,134600000046.0,13.0,460.0,0.0,MOVIMIENTOS CANTONALES,CANTONAL,MOVIMIENTO CAMPESINO INDEPENDIENTE,MIC,46
135,140000000041.0,14.0,0.0,0.0,MOVIMIENTOS PROVINCIALES,PROVINCIAL,MOVIMIENTO DE INTEGRACION CAMPESINA DE MORONA SANTIAGO,MICMS,41
136,140000000042.0,14.0,0.0,0.0,MOVIMIENTOS PROVINCIALES,PROVINCIAL,MOVIMIENTO POLITICO DE UNIDAD PROVINCIAL INDEPENDIENTE,UPI,42
137,140000000201.0,14.0,0.0,0.0,ALIANZAS,ALIANZA,ALIANZA SOCIEDAD PATRIOTICA 21 DE ENERO / MOVIMIENTO AMAUTA JATARI,PSP/MIAJ,3-28
138,140000000202.0,14.0,0.0,0.0,ALIANZAS,ALIANZA,ALIANZA CONCERTACION PROVINCIAL,DP-UDC/ID,5-12
139,140000000203.0,14.0,0.0,0.0,ALIANZAS,ALIANZA,ALIANZA EL PUEBLO AL PODER,PRE /UPI,10-42
140,140000000204.0,14.0,0.0,0.0,ALIANZAS,ALIANZA,ALIANZA,ID /DP-UDC,12-5
141,146000000205.0,14.0,600.0,0.0,ALIANZAS,ALIANZA,ALIANZA SOCIEDAD PATRIOTICA 21 DE ENERO/ROLDOSISTA ECUATORIANO/MOVIMIENTO UNIDAD PROVINCIAL INDEPENDIENTE/ALFARISMO NACIONAL,PSP/PRE /UPI /AN,3-10-42-14
142,146000000206.0,14.0,600.0,0.0,ALIANZAS,ALIANZA,ALIANZA MOVIMIENTO DE INTEGRACION CAMPESINA / DEMOCRACIA POPULAR - UNION DEMOCRATA CRISTIANA,MICMS /DP-UDC,41-5
143,149250000207.0,14.0,925.0,0.0,ALIANZAS,ALIANZA,ALIANZA ROLDOSISTA ECUATORIANO/MOVIMIENTO UNIDAD PROVINCIAL INDEPENDIENTE/ALFARISMO NACIONAL,PRE /UPI /AN,10-42-14
144,150000000041.0,15.0,0.0,0.0,MOVIMIENTOS PROVINCIALES,PROVINCIAL,MOVIMIENTO  ALIANZA AMAZONICA,MAA,41
145,150000000201.0,15.0,0.0,0.0,ALIANZAS,ALIANZA,ALIANZA PARTIDO SOCIEDAD PATRIOTICA 21 DE ENERO / MOVIMIENTO POPULAR DEMOCRATICO,PSP/MPD,3-15
146,150000000202.0,15.0,0.0,0.0,ALIANZAS,ALIANZA,ALIANZA ALFARISMO NACIONAL /ALIANZA AMAZONICA,AN /MAA,14-41
147,150000000203.0,15.0,0.0,0.0,ALIANZAS,ALIANZA,ALIANZA MOVIMIENTO UNIDAD PLURINACIONAL PACHAKUTIK NUEVO PAIS / CONCENTRACION DE FUERZAS POPULARES,MUPP-NP /CFP,18-4
148,152550000204.0,15.0,255.0,0.0,ALIANZAS,ALIANZA,ALIANZA MOVIMIENTO POPULAR DEMOCRATICO / PARTIDO SOCIEDAD PATRIOTICA 21 DE ENERO,MPD /PSP,15-3
149,156350000205.0,15.0,635.0,0.0,ALIANZAS,ALIANZA,ALIANZA MOVIMIENTO POPULAR DEMOCRATICO/MOVIMIENTO UNIDAD PLURINACIONAL PACHAKUTIK -NUEVO PAIS,MPD /MUPP-NP,15-18
150,160000000041.0,16.0,0.0,0.0,MOVIMIENTOS PROVINCIALES,PROVINCIAL,MOVIMIENTO INDEPENDIENTE EDUARDO VASCONEZ,MIEV,41
151,160000000201.0,16.0,0.0,0.0,ALIANZAS,ALIANZA,ALIANZA,UN - UNO/PSC,1-6
152,160000000202.0,16.0,0.0,0.0,ALIANZAS,ALIANZA,ALIANZA,PS-FA /CFP,17-4
153,170000000042.0,17.0,0.0,0.0,MOVIMIENTOS PROVINCIALES,PROVINCIAL,MOVIMIENTO INDEPENDIENTE TRANSFORMACION NACIONAL,MITN,42
154,170000000044.0,17.0,0.0,0.0,MOVIMIENTOS PROVINCIALES,PROVINCIAL,UNIDAD PATRIOTICA DEL PUEBLO,UPP,44
155,180000000042.0,18.0,0.0,0.0,MOVIMIENTOS PROVINCIALES,PROVINCIAL,MOVIMIENTO INDEPENDIENTE FRENTE CIVICO POR AMBATO Y TUNGURAHUA,MIFC,42
156,180000000201.0,18.0,0.0,0.0,ALIANZAS,ALIANZA,ALIANZA FRENTE PATRIOTICO,PSP/MPD,3-15
157,180000000202.0,18.0,0.0,0.0,ALIANZAS,ALIANZA,ALIANZA ROLDOSISTA ECUATORIANO/MOVIMIENTO INDEPENDIENTE AMAUTA JATARI,PRE /MIAJ,10-28
158,180000000203.0,18.0,0.0,0.0,ALIANZAS,ALIANZA,ALIANZA FRENTE CIVICO POR UN NUEVO PAIS,MCNP /MIFC,21-42
159,180000000204.0,18.0,0.0,0.0,ALIANZAS,ALIANZA,ALIANZA FRENTE CIVICO CIUDADANOS NUEVO PAIS,MIFC /MCNP,42-21
160,181450000041.0,18.0,145.0,0.0,MOVIMIENTOS CANTONALES,CANTONAL,MOVIMIENTO INDEPENDIENTE PILLAREÑO,MIP,41
161,181450000205.0,18.0,145.0,0.0,ALIANZAS,ALIANZA,ALIANZA FRENTE PATRIOTICO,PSP/MPD /MUPP-NP,3-15-18
162,181500000043.0,18.0,150.0,0.0,MOVIMIENTOS CANTONALES,CANTONAL,MOVIMIENTO INDEPENDIENTE UNIDAD BANEÑA,MIUB,43
163,181500000206.0,18.0,150.0,0.0,ALIANZAS,ALIANZA,ALIANZA UNIDAD BANEÑA,PS-FA /MCNP /MIFC,17-21-42
164,181550000207.0,18.0,155.0,0.0,ALIANZAS,ALIANZA,ALIANZA FRENTE CIVICO PACHAKUTIK NUEVO PAIS,MUPP-NP /MCNP /MIFC,18-21-42
165,190000000042.0,19.0,0.0,0.0,MOVIMIENTOS PROVINCIALES,PROVINCIAL,MOVIMIENTO PROGRESISTA ZAMORA CHINCHIPE,MPZCH,42
166,190000000201.0,19.0,0.0,0.0,ALIANZAS,ALIANZA,ALIANZA PROGRESISTA,CFP/ID /AN /MPZCH,4-12-14-42
167,190000000202.0,19.0,0.0,0.0,ALIANZAS,ALIANZA,ALIANZA PROVINCIAL MOVIMIENTO DE UNIDAD PLURINACIONAL PACHAKUTIK Y PARTIDO SOCIALISTA FRENTE AMPLIO,PS-FA /MUPP-NP,17-18
168,196550000043.0,19.0,655.0,0.0,MOVIMIENTOS CANTONALES,CANTONAL,MOVIMIENTO INDEPENDIENTE NUEVO ZAMORA,MINZA,43
169,200000000042.0,20.0,0.0,0.0,MOVIMIENTOS PROVINCIALES,PROVINCIAL,MOVIMIENTO DE IDENTIDAD PROVINCIAL,MIP,42
170,210000000041.0,21.0,0.0,0.0,MOVIMIENTOS PROVINCIALES,PROVINCIAL,MOVIMIENTO INDEPENDIENTE AMAZONICO,M.I.A.,41
171,210000000201.0,21.0,0.0,0.0,ALIANZAS,ALIANZA,ALIANZA IZQUIERDA DEMOCRATICA/MOVIMIENTO INDEPENDIENTE AMAZONICO M.I.A,ID /M.I.A.,12-41
172,210000000202.0,21.0,0.0,0.0,ALIANZAS,ALIANZA,ALIANZA MOVIMIENTO UNIDAD PLURINACIIONAL PACHAKUTIK -NUEVO PAIS/MOVIMIENTO CIUDADANOS NUEVO PAIS,MUPP-NP /MCNP,18-21
173,220000000042.0,22.0,0.0,0.0,MOVIMIENTOS PROVINCIALES,PROVINCIAL,MOVIMIENTO DE INTEGRACION PROVINCIAL,MIP,42
174,220000000060.0,22.0,0.0,0.0,MOVIMIENTOS PROVINCIALES,PROVINCIAL,ALIANZA AMAZONICA,AA,60
175,220000000201.0,22.0,0.0,0.0,ALIANZAS,ALIANZA,ALIANZA UNION NACIONAL - UNO/ CONCENTRACION DE FUERZAS POPULARES,UN - UNO/CFP,1-4
176,220000000202.0,22.0,0.0,0.0,ALIANZAS,ALIANZA,ALIANZA IZQUIERDA DEMOCRATICA/MOVIMIENTO CIUDADANOS NUEVO PAIS,ID /MCNP,12-21
177,220000000203.0,22.0,0.0,0.0,ALIANZAS,ALIANZA,ALIANZA INTEGRACIÓN MUSHUK INTI,AN /PS-FA /DP-UDC,14-17-5
178,220000000204.0,22.0,0.0,0.0,ALIANZAS,ALIANZA,ALIANZA MOVIMIENTO DE INTEGRACION PROVINCIAL/PARTIDO ROLDOSISTA ECUATORIANO,MIP /PRE,42-10
179,226450000205.0,22.0,645.0,0.0,ALIANZAS,ALIANZA,ALIANZA INTEGRACION MUSHUK INTI,AN /PS-FA /DP-UDC/MIAJ,14-17-5-28
