,PROVINCIA_CODIGO,PROVINCIA_NOMBRE,CANTON_CODIGO,CANTON_NOMBRE,PARROQUIA_CODIGO,PARROQUIA_NOMBRE,PARROQUIA_ESTADO
0,1.0,AZUAY,260.0,CUENCA,285.0,BANOS,RURAL
1,1.0,AZUAY,260.0,CUENCA,730.0,CUMBE,RURAL
2,1.0,AZUAY,260.0,CUENCA,845.0,CHAUCHA/ANGAS,RURAL
3,1.0,AZUAY,260.0,CUENCA,860.0,CHECA JIDCAY,RURAL
4,1.0,AZUAY,260.0,CUENCA,905.0,CHIQUINTAD,RURAL
5,1.0,AZUAY,260.0,CUENCA,2255.0,LLACAO,RURAL
6,1.0,AZUAY,260.0,CUENCA,2430.0,MOLLETURO,RURAL
7,1.0,AZUAY,260.0,CUENCA,2570.0,MULTI NULTI,RURAL
8,1.0,AZUAY,260.0,CUENCA,2595.0,OCTAVIO CORDERO P.,RURAL
9,1.0,AZUAY,260.0,CUENCA,2680.0,PACCHA,RURAL
10,1.0,AZUAY,260.0,CUENCA,3105.0,QUINGEO,RURAL
11,1.0,AZUAY,260.0,CUENCA,3165.0,RICAURTE,RURAL
12,1.0,AZUAY,260.0,CUENCA,3460.0,SAN JOAQUIN,RURAL
13,1.0,AZUAY,260.0,CUENCA,3685.0,SANTA ANA,RURAL
14,1.0,AZUAY,260.0,CUENCA,3795.0,SAYAUSI,RURAL
15,1.0,AZUAY,260.0,CUENCA,3850.0,SIDCAY,RURAL
16,1.0,AZUAY,260.0,CUENCA,3870.0,SININCAY,RURAL
17,1.0,AZUAY,260.0,CUENCA,3980.0,TARQUI,RURAL
18,1.0,AZUAY,260.0,CUENCA,4095.0,TURI,RURAL
19,1.0,AZUAY,260.0,CUENCA,4200.0,VALLE,RURAL
20,1.0,AZUAY,260.0,CUENCA,4225.0,VICTORIA DEL PORT.,RURAL
21,1.0,AZUAY,260.0,CUENCA,5075.0,BELLAVISTA,URBANA
22,1.0,AZUAY,260.0,CUENCA,5080.0,CANARIBAMBA,URBANA
23,1.0,AZUAY,260.0,CUENCA,5135.0,EL BATAN,URBANA
24,1.0,AZUAY,260.0,CUENCA,5140.0,MACHANGARA,URBANA
25,1.0,AZUAY,260.0,CUENCA,5290.0,MONAY,URBANA
26,1.0,AZUAY,260.0,CUENCA,5330.0,EL VECINO,URBANA
27,1.0,AZUAY,260.0,CUENCA,5360.0,TOTORACOCHA,URBANA
28,1.0,AZUAY,260.0,CUENCA,5370.0,YANUNCAY,URBANA
29,1.0,AZUAY,260.0,CUENCA,5450.0,HUAYNACAPAC,URBANA
30,1.0,AZUAY,260.0,CUENCA,5875.0,RAMIREZ DAVALOS,URBANA
31,1.0,AZUAY,260.0,CUENCA,5905.0,SAGRARIO,URBANA
32,1.0,AZUAY,260.0,CUENCA,5930.0,SAN BLAS,URBANA
33,1.0,AZUAY,260.0,CUENCA,6010.0,SAN SEBASTIAN,URBANA
34,1.0,AZUAY,260.0,CUENCA,6090.0,SUCRE,URBANA
35,1.0,AZUAY,260.0,CUENCA,6865.0,HERMANO MIGUEL,URBANA
36,1.0,AZUAY,265.0,GUALACEO,1005.0,DANIEL CORDOVA T.,RURAL
37,1.0,AZUAY,265.0,GUALACEO,1760.0,LUIS CORDERO VEGA,RURAL
38,1.0,AZUAY,265.0,GUALACEO,1805.0,JADAN,RURAL
39,1.0,AZUAY,265.0,GUALACEO,2385.0,MARIANO MORENO/CAL,RURAL
40,1.0,AZUAY,265.0,GUALACEO,3160.0,REMIGIO CRESPO T.,RURAL
41,1.0,AZUAY,265.0,GUALACEO,3505.0,SAN JUAN,RURAL
42,1.0,AZUAY,265.0,GUALACEO,4340.0,ZHIDMAD,RURAL
43,1.0,AZUAY,265.0,GUALACEO,5420.0,GUALACEO,URBANA
44,1.0,AZUAY,270.0,GIRON,175.0,ASUNCION,RURAL
45,1.0,AZUAY,270.0,GIRON,885.0,SAN GERARDO,RURAL
46,1.0,AZUAY,270.0,GIRON,5395.0,GIRON,URBANA
47,1.0,AZUAY,275.0,PAUTE,395.0,BULAN/JV.IZQUIERDO,RURAL
48,1.0,AZUAY,275.0,PAUTE,870.0,CHICAN / G.ORTEGA,RURAL
49,1.0,AZUAY,275.0,PAUTE,890.0,DUG-DUG,RURAL
50,1.0,AZUAY,275.0,PAUTE,1455.0,GUARAINAC,RURAL
51,1.0,AZUAY,275.0,PAUTE,3375.0,SAN CRISTOBAL,RURAL
52,1.0,AZUAY,275.0,PAUTE,4050.0,TOMEBAMBA,RURAL
53,1.0,AZUAY,275.0,PAUTE,4565.0,EL CABO,RURAL
54,1.0,AZUAY,275.0,PAUTE,5775.0,PAUTE,URBANA
55,1.0,AZUAY,280.0,SIGSIG,750.0,CUTCHIL,RURAL
56,1.0,AZUAY,280.0,SIGSIG,1355.0,GIMA,RURAL
57,1.0,AZUAY,280.0,SIGSIG,1490.0,GUEL,RURAL
58,1.0,AZUAY,280.0,SIGSIG,2215.0,LUDO,RURAL
59,1.0,AZUAY,280.0,SIGSIG,3360.0,SAN BARTOLOME,RURAL
60,1.0,AZUAY,280.0,SIGSIG,3495.0,SN.JOSE DE RARANGA,RURAL
61,1.0,AZUAY,280.0,SIGSIG,6085.0,SIGSIG,URBANA
62,1.0,AZUAY,285.0,STA.ISABEL,15.0,ABDON CALDERON/LA,RURAL
63,1.0,AZUAY,285.0,STA.ISABEL,1130.0,EL CARMEN DE PIJIL,RURAL
64,1.0,AZUAY,285.0,STA.ISABEL,3835.0,SHAGLLI,RURAL
65,1.0,AZUAY,285.0,STA.ISABEL,6045.0,SANTA ISABEL,URBANA
66,1.0,AZUAY,555.0,PUCARA,1690.0,SAN RAFAEL DE SHARUG,RURAL
67,1.0,AZUAY,555.0,PUCARA,5690.0,PUCARA,URBANA
68,1.0,AZUAY,556.0,CAMILO PONCE ENRIQUEZ,6875.0,CAMILO PONCE ENRIQUEZ,URBANA
69,1.0,AZUAY,780.0,ONA,1540.0,SUSUDEL,RURAL
70,1.0,AZUAY,780.0,ONA,6360.0,ONA,URBANA
71,1.0,AZUAY,855.0,SAN FERNANDO,4560.0,CHUMBLIN,RURAL
72,1.0,AZUAY,855.0,SAN FERNANDO,6565.0,SAN FERNANDO,URBANA
73,1.0,AZUAY,885.0,NABON,575.0,COCHAPATA,RURAL
74,1.0,AZUAY,885.0,NABON,1175.0,EL PROGRESO,RURAL
75,1.0,AZUAY,885.0,NABON,2550.0,NIEVES,RURAL
76,1.0,AZUAY,885.0,NABON,6595.0,NABON,URBANA
77,1.0,AZUAY,915.0,CHORDELEG,1535.0,LA UNION,RURAL
78,1.0,AZUAY,915.0,CHORDELEG,1575.0,SAN MARTIN DE PUZHIO,RURAL
79,1.0,AZUAY,915.0,CHORDELEG,1585.0,LUIS GARZA O.(DELEGSOL),RURAL
80,1.0,AZUAY,915.0,CHORDELEG,2950.0,PRINCIPAL,RURAL
81,1.0,AZUAY,915.0,CHORDELEG,6435.0,CHORDELEG,URBANA
82,1.0,AZUAY,955.0,SEVILLA DE ORO,85.0,AMALUZA,RURAL
83,1.0,AZUAY,955.0,SEVILLA DE ORO,2725.0,PALMAS,RURAL
84,1.0,AZUAY,955.0,SEVILLA DE ORO,6480.0,SEVILLA DE ORO,URBANA
85,1.0,AZUAY,960.0,EL PAN,1650.0,SAN VICENTE,RURAL
86,1.0,AZUAY,960.0,EL PAN,6485.0,EL PAN,URBANA
87,1.0,AZUAY,990.0,GUACHAPALA,6615.0,GUACHAPALA,URBANA
88,2.0,BOLIVAR,165.0,GUARANDA,795.0,SAN LUIS DE PAMBIL,RURAL
89,2.0,BOLIVAR,165.0,GUARANDA,1255.0,FACUNDO VELA,RURAL
90,2.0,BOLIVAR,165.0,GUARANDA,1890.0,JULIO E MORENO,RURAL
91,2.0,BOLIVAR,165.0,GUARANDA,3285.0,SALINAS,RURAL
92,2.0,BOLIVAR,165.0,GUARANDA,3545.0,SAN LORENZO,RURAL
93,2.0,BOLIVAR,165.0,GUARANDA,3670.0,SAN SIMON,RURAL
94,2.0,BOLIVAR,165.0,GUARANDA,3710.0,SANTA FE,RURAL
95,2.0,BOLIVAR,165.0,GUARANDA,3860.0,SIMIATUG,RURAL
96,2.0,BOLIVAR,165.0,GUARANDA,5035.0,ANGEL POLIVIO CHAV,URBANA
97,2.0,BOLIVAR,165.0,GUARANDA,5375.0,GABRIEL I VEINTIMI,URBANA
98,2.0,BOLIVAR,165.0,GUARANDA,6630.0,GUANUJO,URBANA
99,2.0,BOLIVAR,170.0,CHIMBO,170.0,ASUNCION,RURAL
100,2.0,BOLIVAR,170.0,CHIMBO,2315.0,MAGDALENA/CHAPACOT,RURAL
101,2.0,BOLIVAR,170.0,CHIMBO,3655.0,SAN SEBASTIAN,RURAL
102,2.0,BOLIVAR,170.0,CHIMBO,3995.0,TELIMBELA,RURAL
103,2.0,BOLIVAR,170.0,CHIMBO,5975.0,SAN JOSE DE CHIMBO,URBANA
104,2.0,BOLIVAR,175.0,SAN MIGUEL,275.0,BALZAPAMBA,RURAL
105,2.0,BOLIVAR,175.0,SAN MIGUEL,345.0,BILOVAN,RURAL
106,2.0,BOLIVAR,175.0,SAN MIGUEL,3595.0,SAN PABLO DE ATENA,RURAL
107,2.0,BOLIVAR,175.0,SAN MIGUEL,3775.0,SANTIAGO,RURAL
108,2.0,BOLIVAR,175.0,SAN MIGUEL,3900.0,SAN VICENTE,RURAL
109,2.0,BOLIVAR,175.0,SAN MIGUEL,4515.0,REGULO DE MORA,RURAL
110,2.0,BOLIVAR,175.0,SAN MIGUEL,5995.0,SAN MIGUEL,URBANA
111,2.0,BOLIVAR,180.0,CHILLANES,3500.0,SAN JOSE DE TAMBO,RURAL
112,2.0,BOLIVAR,180.0,CHILLANES,5245.0,CHILLANES,URBANA
113,2.0,BOLIVAR,185.0,ECHEANDIA,5350.0,ECHEANDIA,URBANA
114,2.0,BOLIVAR,760.0,CALUMA,6340.0,CALUMA/SAN ANTONIO,URBANA
115,2.0,BOLIVAR,950.0,LAS NAVES,6470.0,LAS NAVES,URBANA
116,2.0,BOLIVAR,950.0,LAS NAVES,6475.0,LAS MERCEDES,URBANA
117,3.0,CANAR,235.0,AZOGUES,585.0,COJITAMBO,RURAL
118,3.0,CANAR,235.0,AZOGUES,1445.0,GUAPAN,RURAL
119,3.0,CANAR,235.0,AZOGUES,1825.0,JAVIER LOYOLA/CHUQ,RURAL
120,3.0,CANAR,235.0,AZOGUES,2220.0,LUIS CORDERO,RURAL
121,3.0,CANAR,235.0,AZOGUES,2885.0,PINDILIG,RURAL
122,3.0,CANAR,235.0,AZOGUES,3210.0,RIVERA,RURAL
123,3.0,CANAR,235.0,AZOGUES,3575.0,SAN MIGUEL,RURAL
124,3.0,CANAR,235.0,AZOGUES,3945.0,TADAY,RURAL
125,3.0,CANAR,235.0,AZOGUES,5065.0,AZOGUES,URBANA
126,3.0,CANAR,235.0,AZOGUES,5950.0,SAN FRANCISCO,URBANA
127,3.0,CANAR,235.0,AZOGUES,6790.0,BORRERO,URBANA
128,3.0,CANAR,235.0,AZOGUES,6845.0,AURELIO BAYAS MARTINEZ,URBANA
129,3.0,CANAR,240.0,CANAR,935.0,CHONTAMARCA,RURAL
130,3.0,CANAR,240.0,CANAR,950.0,CHOROCOPTE,RURAL
131,3.0,CANAR,240.0,CANAR,1335.0,GRAL.MORALES/SOCAR,RURAL
132,3.0,CANAR,240.0,CANAR,1410.0,GUALLETURO,RURAL
133,3.0,CANAR,240.0,CANAR,1605.0,HONORATO VASQUEZ,RURAL
134,3.0,CANAR,240.0,CANAR,1725.0,INGAPIRCA,RURAL
135,3.0,CANAR,240.0,CANAR,1775.0,VENTURA,RURAL
136,3.0,CANAR,240.0,CANAR,1895.0,DUCUR,RURAL
137,3.0,CANAR,240.0,CANAR,1900.0,JUNCAL,RURAL
138,3.0,CANAR,240.0,CANAR,3305.0,SAN ANTONIO,RURAL
139,3.0,CANAR,240.0,CANAR,4345.0,ZHUD,RURAL
140,3.0,CANAR,240.0,CANAR,5160.0,CANAR,URBANA
141,3.0,CANAR,241.0,SUSCAL,6715.0,SUSCAL,URBANA
142,3.0,CANAR,245.0,BIBLIAN,1085.0,JERUSALEN,RURAL
143,3.0,CANAR,245.0,BIBLIAN,2545.0,NAZON,RURAL
144,3.0,CANAR,245.0,BIBLIAN,3410.0,SAN FCO. DE SAGEO,RURAL
145,3.0,CANAR,245.0,BIBLIAN,4100.0,TURUPAMBA,RURAL
146,3.0,CANAR,245.0,BIBLIAN,5115.0,BIBLIAN,URBANA
147,3.0,CANAR,250.0,LA TRONCAL,2365.0,MANUEL J CALLE,RURAL
148,3.0,CANAR,250.0,LA TRONCAL,2745.0,PANCHO NEGRO,RURAL
149,3.0,CANAR,250.0,LA TRONCAL,5610.0,LA TRONCAL,URBANA
150,3.0,CANAR,765.0,EL TAMBO,6345.0,EL TAMBO,URBANA
151,3.0,CANAR,905.0,DELEG,3875.0,SOLANO,RURAL
152,3.0,CANAR,905.0,DELEG,6425.0,DELEG,URBANA
153,4.0,CARCHI,5.0,TULCAN,1125.0,EL CARMELO/EL PUN/,RURAL
154,4.0,CARCHI,5.0,TULCAN,1195.0,EL CHICAL,RURAL
155,4.0,CARCHI,5.0,TULCAN,1765.0,SANTA MARTHA DE CUBA,RURAL
156,4.0,CARCHI,5.0,TULCAN,1885.0,JULIO ANDRADE,RURAL
157,4.0,CARCHI,5.0,TULCAN,2340.0,MALDONADO,RURAL
158,4.0,CARCHI,5.0,TULCAN,2900.0,PIOTER,RURAL
159,4.0,CARCHI,5.0,TULCAN,4040.0,TOBAR DONOSO,RURAL
160,4.0,CARCHI,5.0,TULCAN,4070.0,TUFINO,RURAL
161,4.0,CARCHI,5.0,TULCAN,4130.0,URBINA,RURAL
162,4.0,CARCHI,5.0,TULCAN,5415.0,GONZALEZ SUAREZ,URBANA
163,4.0,CARCHI,5.0,TULCAN,6165.0,TULCAN,URBANA
164,4.0,CARCHI,10.0,MONTUFAR,250.0,PIARTAL,RURAL
165,4.0,CARCHI,10.0,MONTUFAR,690.0,CRISTOBAL COLON,RURAL
166,4.0,CARCHI,10.0,MONTUFAR,910.0,CHITAN DE NAVARRET,RURAL
167,4.0,CARCHI,10.0,MONTUFAR,1270.0,FERNANDEZ SALVADOR,RURAL
168,4.0,CARCHI,10.0,MONTUFAR,2065.0,LA PAZ,RURAL
169,4.0,CARCHI,10.0,MONTUFAR,5405.0,GONZALEZ SUAREZ,URBANA
170,4.0,CARCHI,10.0,MONTUFAR,5970.0,SAN JOSE,URBANA
171,4.0,CARCHI,15.0,ESPEJO,1150.0,EL GOALTAL/LAS JUN,RURAL
172,4.0,CARCHI,15.0,ESPEJO,2040.0,LA LIBERTAD,RURAL
173,4.0,CARCHI,15.0,ESPEJO,3435.0,SAN ISIDRO,RURAL
174,4.0,CARCHI,15.0,ESPEJO,5295.0,EL ANGEL,URBANA
175,4.0,CARCHI,15.0,ESPEJO,6250.0,27 DE SEPTIEMBRE,URBANA
176,4.0,CARCHI,20.0,MIRA,1835.0,JIJON Y CAAMANO,RURAL
177,4.0,CARCHI,20.0,MIRA,1875.0,JUAN MONTALVO,RURAL
178,4.0,CARCHI,20.0,MIRA,2010.0,LA CONCEPCION,RURAL
179,4.0,CARCHI,20.0,MIRA,5685.0,MIRA,URBANA
180,4.0,CARCHI,25.0,BOLIVAR,1055.0,SAN RAFAEL,RURAL
181,4.0,CARCHI,25.0,BOLIVAR,1315.0,GARCIA MORENO,RURAL
182,4.0,CARCHI,25.0,BOLIVAR,2205.0,LOS ANDES,RURAL
183,4.0,CARCHI,25.0,BOLIVAR,2455.0,MONTEOLIVO,RURAL
184,4.0,CARCHI,25.0,BOLIVAR,3680.0,SAN VICENTE DE P.,RURAL
185,4.0,CARCHI,25.0,BOLIVAR,6520.0,BOLIVAR,URBANA
186,4.0,CARCHI,995.0,SAN PEDRO DE HUACA,1520.0,MARISCAL SUCRE,RURAL
187,4.0,CARCHI,995.0,SAN PEDRO DE HUACA,6665.0,HUACA,URBANA
188,5.0,COTOPAXI,100.0,LATACUNGA,35.0,ALAQUEZ,RURAL
189,5.0,COTOPAXI,100.0,LATACUNGA,315.0,BELISARIO QUEVEDO,RURAL
190,5.0,COTOPAXI,100.0,LATACUNGA,1485.0,GUAYTACAMA,RURAL
191,5.0,COTOPAXI,100.0,LATACUNGA,1905.0,JOSEGUANGO BAJO,RURAL
192,5.0,COTOPAXI,100.0,LATACUNGA,2480.0,MULALO,RURAL
193,5.0,COTOPAXI,100.0,LATACUNGA,2620.0,11 DE NOVIEMBRE,RURAL
194,5.0,COTOPAXI,100.0,LATACUNGA,2920.0,POALO,RURAL
195,5.0,COTOPAXI,100.0,LATACUNGA,3530.0,SN.JUAN DE PASTOC.,RURAL
196,5.0,COTOPAXI,100.0,LATACUNGA,3965.0,TANICUCHI,RURAL
197,5.0,COTOPAXI,100.0,LATACUNGA,4035.0,TOACAZO,RURAL
198,5.0,COTOPAXI,100.0,LATACUNGA,5310.0,ELOY ALFARO/SAN FE,URBANA
199,5.0,COTOPAXI,100.0,LATACUNGA,5465.0,IGNACIO FLORES,URBANA
200,5.0,COTOPAXI,100.0,LATACUNGA,5500.0,JUAN MONTALVO,URBANA
201,5.0,COTOPAXI,100.0,LATACUNGA,5555.0,LA MATRIZ,URBANA
202,5.0,COTOPAXI,100.0,LATACUNGA,5940.0,SAN BUENAVENTURA,URBANA
203,5.0,COTOPAXI,105.0,PUJILI,125.0,ANGAMARCA,RURAL
204,5.0,COTOPAXI,105.0,PUJILI,1430.0,GUANGAJE,RURAL
205,5.0,COTOPAXI,105.0,PUJILI,2150.0,LA VICTORIA,RURAL
206,5.0,COTOPAXI,105.0,PUJILI,2865.0,PILALO,RURAL
207,5.0,COTOPAXI,105.0,PUJILI,4015.0,TINGO,RURAL
208,5.0,COTOPAXI,105.0,PUJILI,4365.0,ZUMBAHUA,RURAL
209,5.0,COTOPAXI,105.0,PUJILI,5820.0,PUJILI,URBANA
210,5.0,COTOPAXI,110.0,SALCEDO,135.0,ANTONIO J. HOLGUIN,RURAL
211,5.0,COTOPAXI,110.0,SALCEDO,745.0,CUSUBAMBA,RURAL
212,5.0,COTOPAXI,110.0,SALCEDO,2475.0,MULALILLO,RURAL
213,5.0,COTOPAXI,110.0,SALCEDO,2490.0,MULLIQUINDIL,RURAL
214,5.0,COTOPAXI,110.0,SALCEDO,2760.0,PANZALEO,RURAL
215,5.0,COTOPAXI,110.0,SALCEDO,6000.0,SAN M. DE SALCEDO,URBANA
216,5.0,COTOPAXI,115.0,SAQUISILI,465.0,CANCHAGUA,RURAL
217,5.0,COTOPAXI,115.0,SAQUISILI,830.0,CHANTILIN,RURAL
218,5.0,COTOPAXI,115.0,SAQUISILI,990.0,COCHAPAMBA,RURAL
219,5.0,COTOPAXI,115.0,SAQUISILI,6070.0,SAQUISILI,URBANA
220,5.0,COTOPAXI,120.0,PANGUA,2460.0,MORASPUNGO,RURAL
221,5.0,COTOPAXI,120.0,PANGUA,2890.0,PINLLOPATA,RURAL
222,5.0,COTOPAXI,120.0,PANGUA,3155.0,RAMON CAMPANA,RURAL
223,5.0,COTOPAXI,120.0,PANGUA,5305.0,EL CORAZON,URBANA
224,5.0,COTOPAXI,825.0,LA MANA,1500.0,GUASAGANDA,RURAL
225,5.0,COTOPAXI,825.0,LA MANA,2965.0,PUCAYACU,RURAL
226,5.0,COTOPAXI,825.0,LA MANA,6535.0,LA MANA,URBANA
227,5.0,COTOPAXI,825.0,LA MANA,6880.0,EL CARMEN,URBANA
228,5.0,COTOPAXI,930.0,SIGCHOS,815.0,PALO QUEMADO,RURAL
229,5.0,COTOPAXI,930.0,SIGCHOS,960.0,CHUGCHILAN,RURAL
230,5.0,COTOPAXI,930.0,SIGCHOS,1735.0,ISINLIVI,RURAL
231,5.0,COTOPAXI,930.0,SIGCHOS,2115.0,LAS PAMPAS,RURAL
232,5.0,COTOPAXI,930.0,SIGCHOS,6450.0,SIGCHOS,URBANA
233,6.0,CHIMBORAZO,190.0,CHAMBO,5475.0,CHAMBO,URBANA
234,6.0,CHIMBORAZO,195.0,RIOBAMBA,420.0,CACHA,RURAL
235,6.0,CHIMBORAZO,195.0,RIOBAMBA,445.0,CALPI,RURAL
236,6.0,CHIMBORAZO,195.0,RIOBAMBA,705.0,CUBIJIES,RURAL
237,6.0,CHIMBORAZO,195.0,RIOBAMBA,1280.0,FLORES,RURAL
238,6.0,CHIMBORAZO,195.0,RIOBAMBA,2160.0,LICAN,RURAL
239,6.0,CHIMBORAZO,195.0,RIOBAMBA,2165.0,LICTO,RURAL
240,6.0,CHIMBORAZO,195.0,RIOBAMBA,3035.0,PUNGALA,RURAL
241,6.0,CHIMBORAZO,195.0,RIOBAMBA,3040.0,PUNIN,RURAL
242,6.0,CHIMBORAZO,195.0,RIOBAMBA,3095.0,QUIMIAG,RURAL
243,6.0,CHIMBORAZO,195.0,RIOBAMBA,3515.0,SAN JUAN,RURAL
244,6.0,CHIMBORAZO,195.0,RIOBAMBA,3560.0,SAN LUIS,RURAL
245,6.0,CHIMBORAZO,195.0,RIOBAMBA,5590.0,LIZARZABURU,URBANA
246,6.0,CHIMBORAZO,195.0,RIOBAMBA,5630.0,MALDONADO,URBANA
247,6.0,CHIMBORAZO,195.0,RIOBAMBA,6220.0,VELASCO,URBANA
248,6.0,CHIMBORAZO,195.0,RIOBAMBA,6230.0,VELOZ,URBANA
249,6.0,CHIMBORAZO,195.0,RIOBAMBA,6290.0,YARUQUIES,URBANA
250,6.0,CHIMBORAZO,200.0,GUANO,40.0,STA. FE DE GALAN,RURAL
251,6.0,CHIMBORAZO,200.0,GUANO,45.0,SAN JOSE DE CHAZO,RURAL
252,6.0,CHIMBORAZO,200.0,GUANO,410.0,VALPARAISO,RURAL
253,6.0,CHIMBORAZO,200.0,GUANO,1415.0,GUANANDO,RURAL
254,6.0,CHIMBORAZO,200.0,GUANO,1705.0,ILAPO,RURAL
255,6.0,CHIMBORAZO,200.0,GUANO,2080.0,LA PROVIDENCIA,RURAL
256,6.0,CHIMBORAZO,200.0,GUANO,3295.0,SAN ANDRES,RURAL
257,6.0,CHIMBORAZO,200.0,GUANO,3425.0,SAN GERARDO/PAQUIC,RURAL
258,6.0,CHIMBORAZO,200.0,GUANO,3450.0,SAN ISIDRO DE PATU,RURAL
259,6.0,CHIMBORAZO,200.0,GUANO,5315.0,EL ROSARIO,URBANA
260,6.0,CHIMBORAZO,200.0,GUANO,5550.0,LA MATRIZ,URBANA
261,6.0,CHIMBORAZO,205.0,COLTA,500.0,CANI,RURAL
262,6.0,CHIMBORAZO,205.0,COLTA,610.0,COLUMBE,RURAL
263,6.0,CHIMBORAZO,205.0,COLTA,1865.0,JUAN DE VELASCO/PO,RURAL
264,6.0,CHIMBORAZO,205.0,COLTA,4430.0,SANTIAGO DE QUITO,RURAL
265,6.0,CHIMBORAZO,205.0,COLTA,5145.0,CAJABAMBA,URBANA
266,6.0,CHIMBORAZO,205.0,COLTA,6080.0,SICALPA,URBANA
267,6.0,CHIMBORAZO,210.0,GUAMOTE,555.0,CEBADAS,RURAL
268,6.0,CHIMBORAZO,210.0,GUAMOTE,2730.0,PALMIRA,RURAL
269,6.0,CHIMBORAZO,210.0,GUAMOTE,5430.0,GUAMOTE,URBANA
270,6.0,CHIMBORAZO,215.0,ALAUSI,20.0,ACHUPALLAS,RURAL
271,6.0,CHIMBORAZO,215.0,ALAUSI,1465.0,GUASUNTOS,RURAL
272,6.0,CHIMBORAZO,215.0,ALAUSI,1660.0,HUIGRA,RURAL
273,6.0,CHIMBORAZO,215.0,ALAUSI,2485.0,MULTITUD,RURAL
274,6.0,CHIMBORAZO,215.0,ALAUSI,2905.0,PISTISHI,RURAL
275,6.0,CHIMBORAZO,215.0,ALAUSI,3025.0,PUMALLACTA,RURAL
276,6.0,CHIMBORAZO,215.0,ALAUSI,3820.0,SEVILLA,RURAL
277,6.0,CHIMBORAZO,215.0,ALAUSI,3845.0,SIBAMBE,RURAL
278,6.0,CHIMBORAZO,215.0,ALAUSI,4030.0,TIXAN,RURAL
279,6.0,CHIMBORAZO,215.0,ALAUSI,5010.0,ALAUSI,URBANA
280,6.0,CHIMBORAZO,220.0,CHUNCHI,515.0,CAPZOL,RURAL
281,6.0,CHIMBORAZO,220.0,CHUNCHI,615.0,COMPUD,RURAL
282,6.0,CHIMBORAZO,220.0,CHUNCHI,1370.0,GONZOL,RURAL
283,6.0,CHIMBORAZO,220.0,CHUNCHI,2260.0,LLAGOS,RURAL
284,6.0,CHIMBORAZO,220.0,CHUNCHI,5255.0,CHUNCHI,URBANA
285,6.0,CHIMBORAZO,225.0,PENIPE,925.0,LA CANDELARIA,RURAL
286,6.0,CHIMBORAZO,225.0,PENIPE,1110.0,EL ALTAR,RURAL
287,6.0,CHIMBORAZO,225.0,PENIPE,1325.0,BILBAO,RURAL
288,6.0,CHIMBORAZO,225.0,PENIPE,2400.0,MATUS,RURAL
289,6.0,CHIMBORAZO,225.0,PENIPE,2975.0,PUELA,RURAL
290,6.0,CHIMBORAZO,225.0,PENIPE,3335.0,SAN ANTONIO DE B.,RURAL
291,6.0,CHIMBORAZO,225.0,PENIPE,5740.0,PENIPE,URBANA
292,6.0,CHIMBORAZO,830.0,PALLATANGA,6540.0,PALLATANGA,URBANA
293,6.0,CHIMBORAZO,900.0,CUMANDA,6420.0,CUMANDA,URBANA
294,7.0,EL ORO,350.0,MACHALA,255.0,EL RETIRO,RURAL
295,7.0,EL ORO,350.0,MACHALA,5565.0,LA PROVIDENCIA,URBANA
296,7.0,EL ORO,350.0,MACHALA,5625.0,MACHALA,URBANA
297,7.0,EL ORO,350.0,MACHALA,5805.0,PUERTO BOLIVAR,URBANA
298,7.0,EL ORO,350.0,MACHALA,6490.0,9 DE MAYO,URBANA
299,7.0,EL ORO,350.0,MACHALA,6795.0,EL CAMBIO,URBANA
300,7.0,EL ORO,355.0,SANTA ROSA,325.0,BELLAVISTA,RURAL
301,7.0,EL ORO,355.0,SANTA ROSA,1665.0,BELLAMARIA,RURAL
302,7.0,EL ORO,355.0,SANTA ROSA,1815.0,JAMBELI/TEMBLEQUE,RURAL
303,7.0,EL ORO,355.0,SANTA ROSA,2005.0,LA AVANZADA,RURAL
304,7.0,EL ORO,355.0,SANTA ROSA,3330.0,SAN ANTONIO,RURAL
305,7.0,EL ORO,355.0,SANTA ROSA,4215.0,VICTORIA,RURAL
306,7.0,EL ORO,355.0,SANTA ROSA,4525.0,TORATA,RURAL
307,7.0,EL ORO,355.0,SANTA ROSA,6060.0,SANTA ROSA,URBANA
308,7.0,EL ORO,355.0,SANTA ROSA,6670.0,PUERTO JELI,URBANA
309,7.0,EL ORO,360.0,ZARUMA,5.0,ABANIN,RURAL
310,7.0,EL ORO,360.0,ZARUMA,1420.0,GUANAZAN,RURAL
311,7.0,EL ORO,360.0,ZARUMA,1425.0,GUIZHAGUINA,RURAL
312,7.0,EL ORO,360.0,ZARUMA,1655.0,HUERTAS,RURAL
313,7.0,EL ORO,360.0,ZARUMA,1700.0,SINSAO,RURAL
314,7.0,EL ORO,360.0,ZARUMA,1750.0,SALVIAS,RURAL
315,7.0,EL ORO,360.0,ZARUMA,2350.0,MALVAS,RURAL
316,7.0,EL ORO,360.0,ZARUMA,4445.0,ARCAPAMBA,RURAL
317,7.0,EL ORO,360.0,ZARUMA,4450.0,MULUNCAY GRANDE,RURAL
318,7.0,EL ORO,360.0,ZARUMA,6310.0,ZARUMA,URBANA
319,7.0,EL ORO,365.0,PASAJE,390.0,BUENAVISTA,RURAL
320,7.0,EL ORO,365.0,PASAJE,775.0,CANAQUEMADA,RURAL
321,7.0,EL ORO,365.0,PASAJE,1225.0,EL PROGRESO,RURAL
322,7.0,EL ORO,365.0,PASAJE,2075.0,LA PEANA,RURAL
323,7.0,EL ORO,365.0,PASAJE,4160.0,UZHCURRUMI,RURAL
324,7.0,EL ORO,365.0,PASAJE,4495.0,CASACAY,RURAL
325,7.0,EL ORO,365.0,PASAJE,5770.0,OCHOA LEON/MATRIZ,URBANA
326,7.0,EL ORO,365.0,PASAJE,6365.0,LOMA DE FRANCO,URBANA
327,7.0,EL ORO,365.0,PASAJE,6370.0,BOLIVAR,URBANA
328,7.0,EL ORO,365.0,PASAJE,6375.0,TRES CERRITOS,URBANA
329,7.0,EL ORO,370.0,PINAS,505.0,CAPIRO,RURAL
330,7.0,EL ORO,370.0,PINAS,1385.0,SARACAY,RURAL
331,7.0,EL ORO,370.0,PINAS,2230.0,LA BOCANA,RURAL
332,7.0,EL ORO,370.0,PINAS,2465.0,MOROMORO,RURAL
333,7.0,EL ORO,370.0,PINAS,2850.0,PIEDRAS,RURAL
334,7.0,EL ORO,370.0,PINAS,3650.0,SAN ROQUE,RURAL
335,7.0,EL ORO,370.0,PINAS,5790.0,PINAS,URBANA
336,7.0,EL ORO,370.0,PINAS,6675.0,PINAS GRANDE,URBANA
337,7.0,EL ORO,370.0,PINAS,6680.0,LA SUSAYA,URBANA
338,7.0,EL ORO,375.0,ARENILLAS,805.0,CHACRAS,RURAL
339,7.0,EL ORO,375.0,ARENILLAS,1695.0,CARCABON,RURAL
340,7.0,EL ORO,375.0,ARENILLAS,2715.0,PALMALES,RURAL
341,7.0,EL ORO,375.0,ARENILLAS,5040.0,ARENILLAS,URBANA
342,7.0,EL ORO,380.0,EL GUABO,245.0,LA IBERIA,RURAL
343,7.0,EL ORO,380.0,EL GUABO,300.0,BARBONES,RURAL
344,7.0,EL ORO,380.0,EL GUABO,4000.0,TENDALES,RURAL
345,7.0,EL ORO,380.0,EL GUABO,5340.0,EL GUABO,URBANA
346,7.0,EL ORO,585.0,CHILLA,5715.0,CHILLA,URBANA
347,7.0,EL ORO,690.0,PORTOVELO,740.0,CURTINCAPA,RURAL
348,7.0,EL ORO,690.0,PORTOVELO,3275.0,SALATI,RURAL
349,7.0,EL ORO,690.0,PORTOVELO,4520.0,MORALES,RURAL
350,7.0,EL ORO,690.0,PORTOVELO,5850.0,PORTOVELO,URBANA
351,7.0,EL ORO,695.0,HUAQUILLAS,5460.0,HUAQUILLAS,URBANA
352,7.0,EL ORO,695.0,HUAQUILLAS,6800.0,HUALTACO,URBANA
353,7.0,EL ORO,695.0,HUAQUILLAS,6805.0,MILTON REYES,URBANA
354,7.0,EL ORO,695.0,HUAQUILLAS,6810.0,EL PARAISO,URBANA
355,7.0,EL ORO,695.0,HUAQUILLAS,6815.0,ECUADOR,URBANA
356,7.0,EL ORO,695.0,HUAQUILLAS,6820.0,UNION LOJANA,URBANA
357,7.0,EL ORO,705.0,ATAHUALPA,225.0,AYAPAMBA,RURAL
358,7.0,EL ORO,705.0,ATAHUALPA,375.0,SAN JUAN DE CERRO AZUL,RURAL
359,7.0,EL ORO,705.0,ATAHUALPA,4480.0,CORDONCILLO,RURAL
360,7.0,EL ORO,705.0,ATAHUALPA,4530.0,SAN JOSE,RURAL
361,7.0,EL ORO,705.0,ATAHUALPA,4535.0,MILAGRO,RURAL
362,7.0,EL ORO,705.0,ATAHUALPA,5745.0,PACCHA,URBANA
363,7.0,EL ORO,755.0,LAS LAJAS,1075.0,SAN ISIDRO,RURAL
364,7.0,EL ORO,755.0,LAS LAJAS,1080.0,EL PARAISO,RURAL
365,7.0,EL ORO,755.0,LAS LAJAS,1100.0,LA LIBERTAD,RURAL
366,7.0,EL ORO,755.0,LAS LAJAS,6335.0,LA VICTORIA/LAS LA,URBANA
367,7.0,EL ORO,860.0,MARCABELI,160.0,EL INGENIO,RURAL
368,7.0,EL ORO,860.0,MARCABELI,6570.0,MARCABELI,URBANA
369,7.0,EL ORO,875.0,BALSAS,1975.0,BELLAMARIA,RURAL
370,7.0,EL ORO,875.0,BALSAS,6590.0,BALSAS,URBANA
371,8.0,ESMERALDAS,560.0,ESMERALDAS,450.0,CAMARONES,RURAL
372,8.0,ESMERALDAS,560.0,ESMERALDAS,655.0,CRNL.CARLOS CONCHA,RURAL
373,8.0,ESMERALDAS,560.0,ESMERALDAS,895.0,CHINCA,RURAL
374,8.0,ESMERALDAS,560.0,ESMERALDAS,2320.0,MAJUA,RURAL
375,8.0,ESMERALDAS,560.0,ESMERALDAS,3570.0,SAN MATEO,RURAL
376,8.0,ESMERALDAS,560.0,ESMERALDAS,3930.0,TABIAZO,RURAL
377,8.0,ESMERALDAS,560.0,ESMERALDAS,3940.0,TACHINA,RURAL
378,8.0,ESMERALDAS,560.0,ESMERALDAS,4240.0,VUELTA LARGA,RURAL
379,8.0,ESMERALDAS,560.0,ESMERALDAS,5205.0,BARTOLOME RUIZ,URBANA
380,8.0,ESMERALDAS,560.0,ESMERALDAS,5210.0,5 DE AGOSTO,URBANA
381,8.0,ESMERALDAS,560.0,ESMERALDAS,5335.0,ESMERALDAS,URBANA
382,8.0,ESMERALDAS,560.0,ESMERALDAS,5600.0,LUIS TELLO/PALMAS,URBANA
383,8.0,ESMERALDAS,561.0,RIO VERDE,930.0,CHONTADURO,RURAL
384,8.0,ESMERALDAS,561.0,RIO VERDE,965.0,CHUMUNDE,RURAL
385,8.0,ESMERALDAS,561.0,RIO VERDE,2035.0,LAGARTO,RURAL
386,8.0,ESMERALDAS,561.0,RIO VERDE,2445.0,MONTALVO/HORQUETA,RURAL
387,8.0,ESMERALDAS,561.0,RIO VERDE,3215.0,ROCAFUERTE,RURAL
388,8.0,ESMERALDAS,561.0,RIO VERDE,6720.0,RIO VERDE,URBANA
389,8.0,ESMERALDAS,565.0,ELOY ALFARO,120.0,ANCHAYACU,RURAL
390,8.0,ESMERALDAS,565.0,ELOY ALFARO,200.0,ATAHUALPA/CAMARONE,RURAL
391,8.0,ESMERALDAS,565.0,ELOY ALFARO,370.0,BORBON,RURAL
392,8.0,ESMERALDAS,565.0,ELOY ALFARO,1505.0,SAN JOSE DE CAYAPAS,RURAL
393,8.0,ESMERALDAS,565.0,ELOY ALFARO,1510.0,COLON ELOY DE MARIA,RURAL
394,8.0,ESMERALDAS,565.0,ELOY ALFARO,1515.0,TIMBIRE,RURAL
395,8.0,ESMERALDAS,565.0,ELOY ALFARO,2125.0,LA TOLA,RURAL
396,8.0,ESMERALDAS,565.0,ELOY ALFARO,2225.0,LUIS VARGAS TORRES,RURAL
397,8.0,ESMERALDAS,565.0,ELOY ALFARO,2335.0,MALDONADO,RURAL
398,8.0,ESMERALDAS,565.0,ELOY ALFARO,2670.0,PAMPANAL D.BOLIVAR,RURAL
399,8.0,ESMERALDAS,565.0,ELOY ALFARO,3405.0,SAN FCO. DE ONZOLE,RURAL
400,8.0,ESMERALDAS,565.0,ELOY ALFARO,3805.0,SELVA ALEGRE,RURAL
401,8.0,ESMERALDAS,565.0,ELOY ALFARO,4170.0,TELEMBI,RURAL
402,8.0,ESMERALDAS,565.0,ELOY ALFARO,4465.0,STO.DOMINGO DE ONZ,RURAL
403,8.0,ESMERALDAS,565.0,ELOY ALFARO,6205.0,VALDEZ/LIMONES/,URBANA
404,8.0,ESMERALDAS,570.0,MUISNE,355.0,BOLIVAR,RURAL
405,8.0,ESMERALDAS,570.0,MUISNE,1010.0,DAULE,RURAL
406,8.0,ESMERALDAS,570.0,MUISNE,1305.0,GALERA,RURAL
407,8.0,ESMERALDAS,570.0,MUISNE,3125.0,QUINGUE,RURAL
408,8.0,ESMERALDAS,570.0,MUISNE,3280.0,SALIMA,RURAL
409,8.0,ESMERALDAS,570.0,MUISNE,3390.0,SAN FRANCISCO,RURAL
410,8.0,ESMERALDAS,570.0,MUISNE,3430.0,SAN GREGORIO,RURAL
411,8.0,ESMERALDAS,570.0,MUISNE,3470.0,SAN JOSE DE CHAMAN,RURAL
412,8.0,ESMERALDAS,570.0,MUISNE,5670.0,MUISNE,URBANA
413,8.0,ESMERALDAS,575.0,QUININDE,700.0,CUBE/CHANCAMA,RURAL
414,8.0,ESMERALDAS,575.0,QUININDE,980.0,CHURA,RURAL
415,8.0,ESMERALDAS,575.0,QUININDE,1530.0,LA UNION,RURAL
416,8.0,ESMERALDAS,575.0,QUININDE,2345.0,MALIMPIA/GUAYLLABA,RURAL
417,8.0,ESMERALDAS,575.0,QUININDE,4230.0,VICHE,RURAL
418,8.0,ESMERALDAS,575.0,QUININDE,5895.0,ROSA ZARATE,URBANA
419,8.0,ESMERALDAS,580.0,SAN LORENZO,70.0,ALTO TAMBO/GUADAL,RURAL
420,8.0,ESMERALDAS,580.0,SAN LORENZO,110.0,ANCON/PALMA REAL,RURAL
421,8.0,ESMERALDAS,580.0,SAN LORENZO,435.0,CALDERON,RURAL
422,8.0,ESMERALDAS,580.0,SAN LORENZO,535.0,CARONDELET,RURAL
423,8.0,ESMERALDAS,580.0,SAN LORENZO,570.0,5 DE JUNIO/HUIMBI,RURAL
424,8.0,ESMERALDAS,580.0,SAN LORENZO,620.0,CONCEPCION,RURAL
425,8.0,ESMERALDAS,580.0,SAN LORENZO,2395.0,MATAJE,RURAL
426,8.0,ESMERALDAS,580.0,SAN LORENZO,3455.0,SAN JAVIER DE CACH,RURAL
427,8.0,ESMERALDAS,580.0,SAN LORENZO,3725.0,SANTA RITA,RURAL
428,8.0,ESMERALDAS,580.0,SAN LORENZO,3955.0,TAMBILLO,RURAL
429,8.0,ESMERALDAS,580.0,SAN LORENZO,4075.0,TULULBI/RICAURTE,RURAL
430,8.0,ESMERALDAS,580.0,SAN LORENZO,4125.0,URBINA,RURAL
431,8.0,ESMERALDAS,580.0,SAN LORENZO,6130.0,SAN LORENZO,URBANA
432,8.0,ESMERALDAS,785.0,ATACAMES,1615.0,TONSUPA,RURAL
433,8.0,ESMERALDAS,785.0,ATACAMES,2130.0,LA UNION,RURAL
434,8.0,ESMERALDAS,785.0,ATACAMES,3880.0,SUA/BOCANA,RURAL
435,8.0,ESMERALDAS,785.0,ATACAMES,4055.0,TONCHIGUE,RURAL
436,8.0,ESMERALDAS,785.0,ATACAMES,6380.0,ATACAMES,URBANA
437,9.0,GUAYAS,95.0,BALAO,5470.0,BALAO,URBANA
438,9.0,GUAYAS,125.0,COLIMES,5365.0,COLIMES,URBANA
439,9.0,GUAYAS,385.0,EL EMPALME,1470.0,GUAYAS/PUERTO NUEV,RURAL
440,9.0,GUAYAS,385.0,EL EMPALME,1640.0,EL ROSARIO,RURAL
441,9.0,GUAYAS,385.0,EL EMPALME,6225.0,VELASCO IBARRA,URBANA
442,9.0,GUAYAS,390.0,GUAYAQUIL,1870.0,JUAN GOMEZ RENDON,RURAL
443,9.0,GUAYAS,390.0,GUAYAQUIL,2470.0,MORRO,RURAL
444,9.0,GUAYAS,390.0,GUAYAQUIL,2940.0,POSORJA,RURAL
445,9.0,GUAYAS,390.0,GUAYAQUIL,3030.0,PUNA,RURAL
446,9.0,GUAYAS,390.0,GUAYAQUIL,4120.0,TENGUEL,RURAL
447,9.0,GUAYAS,390.0,GUAYAQUIL,5055.0,AYACUCHO,URBANA
448,9.0,GUAYAS,390.0,GUAYAQUIL,5125.0,BOLIVAR/SAGRARIO,URBANA
449,9.0,GUAYAS,390.0,GUAYAQUIL,5170.0,CARBO/CONCEPCION,URBANA
450,9.0,GUAYAS,390.0,GUAYAQUIL,5355.0,FEBRES CORDERO,URBANA
451,9.0,GUAYAS,390.0,GUAYAQUIL,5380.0,GARCIA MORENO,URBANA
452,9.0,GUAYAS,390.0,GUAYAQUIL,5585.0,LETAMENDI,URBANA
453,9.0,GUAYAS,390.0,GUAYAQUIL,5695.0,9 DE OCTUBRE,URBANA
454,9.0,GUAYAS,390.0,GUAYAQUIL,5720.0,OLMEDO/SAN ALEJO,URBANA
455,9.0,GUAYAS,390.0,GUAYAQUIL,5880.0,ROCA,URBANA
456,9.0,GUAYAS,390.0,GUAYAQUIL,5890.0,ROCAFUERTE,URBANA
457,9.0,GUAYAS,390.0,GUAYAQUIL,6095.0,SUCRE,URBANA
458,9.0,GUAYAS,390.0,GUAYAQUIL,6150.0,TARQUI,URBANA
459,9.0,GUAYAS,390.0,GUAYAQUIL,6185.0,URDANETA,URBANA
460,9.0,GUAYAS,390.0,GUAYAQUIL,6265.0,XIMENA,URBANA
461,9.0,GUAYAS,390.0,GUAYAQUIL,6400.0,CHONGON,URBANA
462,9.0,GUAYAS,390.0,GUAYAQUIL,6405.0,PASCUALES,URBANA
463,9.0,GUAYAS,395.0,YAGUACHI,1340.0,GRAL.PEDRO MONTERO,RURAL
464,9.0,GUAYAS,395.0,YAGUACHI,1915.0,VIRGEN DE FATIMA,RURAL
465,9.0,GUAYAS,395.0,YAGUACHI,4275.0,YAGUACHI VIEJO/CON,RURAL
466,9.0,GUAYAS,395.0,YAGUACHI,6285.0,YAGUACHI NUEVO,URBANA
467,9.0,GUAYAS,400.0,DAULE,260.0,LIMONAL,RURAL
468,9.0,GUAYAS,400.0,DAULE,1855.0,JUAN BAUTISTA AGUI,RURAL
469,9.0,GUAYAS,400.0,DAULE,2105.0,LAS LOJAS,RURAL
470,9.0,GUAYAS,400.0,DAULE,4500.0,LAUREL,RURAL
471,9.0,GUAYAS,400.0,DAULE,5275.0,DAULE,URBANA
472,9.0,GUAYAS,400.0,DAULE,6850.0,LA AURORA,URBANA
473,9.0,GUAYAS,405.0,SALINAS,115.0,ANCONCITO,RURAL
474,9.0,GUAYAS,405.0,SALINAS,1850.0,JOSE LUIS TAMAYO,RURAL
475,9.0,GUAYAS,405.0,SALINAS,5920.0,SALINAS,URBANA
476,9.0,GUAYAS,405.0,SALINAS,6270.0,GRAL.ALB.ENR.GALLO,URBANA
477,9.0,GUAYAS,405.0,SALINAS,6275.0,VICENTE ROCAFUERTE,URBANA
478,9.0,GUAYAS,405.0,SALINAS,6280.0,CARLOS ESPINOZA LARREA,URBANA
479,9.0,GUAYAS,410.0,SANTA ELENA,205.0,ATAHUALPA,RURAL
480,9.0,GUAYAS,410.0,SANTA ELENA,605.0,COLONCHE,RURAL
481,9.0,GUAYAS,410.0,SANTA ELENA,820.0,CHANDUY,RURAL
482,9.0,GUAYAS,410.0,SANTA ELENA,2355.0,MANGLARALTO,RURAL
483,9.0,GUAYAS,410.0,SANTA ELENA,3915.0,SIMON BOLIVAR,RURAL
484,9.0,GUAYAS,410.0,SANTA ELENA,5130.0,BALLENITA,URBANA
485,9.0,GUAYAS,410.0,SANTA ELENA,6040.0,SANTA ELENA/ANCON,URBANA
486,9.0,GUAYAS,415.0,BALZAR,5100.0,BALZAR,URBANA
487,9.0,GUAYAS,420.0,MILAGRO,920.0,CHOBO,RURAL
488,9.0,GUAYAS,420.0,MILAGRO,2390.0,MARISCAL SUCRE/HUA,RURAL
489,9.0,GUAYAS,420.0,MILAGRO,3235.0,ROBERTO ASTUDILLO,RURAL
490,9.0,GUAYAS,420.0,MILAGRO,5660.0,MILAGRO,URBANA
491,9.0,GUAYAS,425.0,SAMBORONDON,3975.0,TARIFA,RURAL
492,9.0,GUAYAS,425.0,SAMBORONDON,5925.0,SAMBORONDON,URBANA
493,9.0,GUAYAS,430.0,SALITRE,1350.0,GRAL. VERNAZA,RURAL
494,9.0,GUAYAS,430.0,SALITRE,1595.0,JUNQUILLAL,RURAL
495,9.0,GUAYAS,430.0,SALITRE,4220.0,VICTORIA,RURAL
496,9.0,GUAYAS,430.0,SALITRE,5120.0,BOCANA,URBANA
497,9.0,GUAYAS,430.0,SALITRE,5155.0,CANDILEJOS,URBANA
498,9.0,GUAYAS,430.0,SALITRE,5200.0,SALITRE,URBANA
499,9.0,GUAYAS,430.0,SALITRE,5765.0,PARAISO,URBANA
500,9.0,GUAYAS,430.0,SALITRE,5990.0,SAN MATEO,URBANA
501,9.0,GUAYAS,435.0,NARANJAL,1830.0,JESUS MARIA,RURAL
502,9.0,GUAYAS,435.0,NARANJAL,3370.0,SAN CARLOS,RURAL
503,9.0,GUAYAS,435.0,NARANJAL,3740.0,STA.ROSA DE FLANDE,RURAL
504,9.0,GUAYAS,435.0,NARANJAL,3990.0,TAURA,RURAL
505,9.0,GUAYAS,435.0,NARANJAL,5675.0,NARANJAL,URBANA
506,9.0,GUAYAS,505.0,EL TRIUNFO,5345.0,EL TRIUNFO,URBANA
507,9.0,GUAYAS,510.0,NARANJITO,5705.0,NARANJITO,URBANA
508,9.0,GUAYAS,675.0,PALESTINA,5725.0,PALESTINA,URBANA
509,9.0,GUAYAS,715.0,PEDRO CARBO,185.0,VALLE DE LA VIRGEN,RURAL
510,9.0,GUAYAS,715.0,PEDRO CARBO,1670.0,SABANILLA,RURAL
511,9.0,GUAYAS,715.0,PEDRO CARBO,5735.0,PEDRO CARBO,URBANA
512,9.0,GUAYAS,735.0,PLAYAS,6255.0,GRAL.VILLAMIL/PLAY,URBANA
513,9.0,GUAYAS,790.0,SIMON BOLIVAR,660.0,CRNEL.LORENZO GARA,RURAL
514,9.0,GUAYAS,790.0,SIMON BOLIVAR,6385.0,SIMON BOLIVAR,URBANA
515,9.0,GUAYAS,820.0,DURAN,6525.0,ELOY ALFARO/DURAN,URBANA
516,9.0,GUAYAS,835.0,A.BAQUERIZO MORENO,6545.0,A.BAQUERIZO M/JUJA,URBANA
517,9.0,GUAYAS,870.0,SANTA LUCIA,6580.0,SANTA LUCIA,URBANA
518,9.0,GUAYAS,890.0,CRNL MARCELINO MARIDUENAS,6410.0,CRNL MARCELINO MARIDUENAS,URBANA
519,9.0,GUAYAS,920.0,LOMAS DE SARGENTILLO,6440.0,LOMAS DE SARGENTILLO,URBANA
520,9.0,GUAYAS,940.0,NOBOLÂ™PIEDRAHITA,6460.0,NARCISA DE JESUS,URBANA
521,9.0,GUAYAS,965.0,LA LIBERTAD,6610.0,LA LIBERTAD/LA PRO,URBANA
522,9.0,GUAYAS,985.0,GRAL. A. ELIZALDE,6620.0,GRAL.ELIZALDE/BUCA,URBANA
523,9.0,GUAYAS,986.0,ISIDRO AYORA,6710.0,ISIDRO AYORA,URBANA
524,10.0,IMBABURA,30.0,IBARRA,100.0,AMBUQUI/CHOTA,RURAL
525,10.0,IMBABURA,30.0,IBARRA,130.0,ANGOCHAGUA,RURAL
526,10.0,IMBABURA,30.0,IBARRA,530.0,CAROLINA/GUALLUPI,RURAL
527,10.0,IMBABURA,30.0,IBARRA,2020.0,LA ESPERANZA,RURAL
528,10.0,IMBABURA,30.0,IBARRA,2185.0,LITA,RURAL
529,10.0,IMBABURA,30.0,IBARRA,3290.0,SALINAS,RURAL
530,10.0,IMBABURA,30.0,IBARRA,3315.0,SAN ANTONIO,RURAL
531,10.0,IMBABURA,30.0,IBARRA,5165.0,CARANQUI,URBANA
532,10.0,IMBABURA,30.0,IBARRA,5440.0,GQUIL DE ALPACHACA,URBANA
533,10.0,IMBABURA,30.0,IBARRA,5915.0,SAGRARIO,URBANA
534,10.0,IMBABURA,30.0,IBARRA,5960.0,SAN FRANCISCO,URBANA
535,10.0,IMBABURA,30.0,IBARRA,6780.0,LA DOLOROSA DEL PRIORATO,URBANA
536,10.0,IMBABURA,35.0,OTAVALO,1040.0,DR MIGUEL EGAS/PEG,RURAL
537,10.0,IMBABURA,35.0,OTAVALO,1215.0,EUGENIO ESPEJO,RURAL
538,10.0,IMBABURA,35.0,OTAVALO,1360.0,GONZALEZ SUAREZ,RURAL
539,10.0,IMBABURA,35.0,OTAVALO,2785.0,PATAQUI,RURAL
540,10.0,IMBABURA,35.0,OTAVALO,3490.0,SAN JOSE DE QUICHI,RURAL
541,10.0,IMBABURA,35.0,OTAVALO,3525.0,SAN JUAN DE ILUMAN,RURAL
542,10.0,IMBABURA,35.0,OTAVALO,3590.0,SAN PABLO,RURAL
543,10.0,IMBABURA,35.0,OTAVALO,3630.0,SAN RAFAEL,RURAL
544,10.0,IMBABURA,35.0,OTAVALO,3810.0,SELVA ALEGRE,RURAL
545,10.0,IMBABURA,35.0,OTAVALO,5490.0,JORDAN,URBANA
546,10.0,IMBABURA,35.0,OTAVALO,5980.0,SAN LUIS,URBANA
547,10.0,IMBABURA,40.0,COTACACHI,145.0,APUELA,RURAL
548,10.0,IMBABURA,40.0,COTACACHI,1310.0,GARCIA MORENO/LLUR,RURAL
549,10.0,IMBABURA,40.0,COTACACHI,1710.0,IMANTAG,RURAL
550,10.0,IMBABURA,40.0,COTACACHI,2820.0,PENAHERRERA,RURAL
551,10.0,IMBABURA,40.0,COTACACHI,2915.0,PLAZA GUTIERREZ/CA,RURAL
552,10.0,IMBABURA,40.0,COTACACHI,3115.0,QUIROGA,RURAL
553,10.0,IMBABURA,40.0,COTACACHI,3800.0,6 DE JULIO CUELLAJ,RURAL
554,10.0,IMBABURA,40.0,COTACACHI,4185.0,VACAS GALINDO,RURAL
555,10.0,IMBABURA,40.0,COTACACHI,5910.0,SAGRARIO,URBANA
556,10.0,IMBABURA,40.0,COTACACHI,5955.0,SAN FRANCISCO,URBANA
557,10.0,IMBABURA,45.0,ANTONIO ANTE,1715.0,IMBAYA,RURAL
558,10.0,IMBABURA,45.0,ANTONIO ANTE,3400.0,SAN FCO.DE NATABUE,RURAL
559,10.0,IMBABURA,45.0,ANTONIO ANTE,3465.0,SAN JOSE DE CHALTU,RURAL
560,10.0,IMBABURA,45.0,ANTONIO ANTE,3640.0,SAN ROQUE,RURAL
561,10.0,IMBABURA,45.0,ANTONIO ANTE,5025.0,ANDRADE MARIN/LOUR,URBANA
562,10.0,IMBABURA,45.0,ANTONIO ANTE,5050.0,ATUNTAQUI,URBANA
563,10.0,IMBABURA,50.0,PIMAMPIRO,955.0,CHUGA,RURAL
564,10.0,IMBABURA,50.0,PIMAMPIRO,2380.0,MARIANO ACOSTA,RURAL
565,10.0,IMBABURA,50.0,PIMAMPIRO,3415.0,SAN FRANCISCO SIGS,RURAL
566,10.0,IMBABURA,50.0,PIMAMPIRO,5750.0,PIMAMPIRO,URBANA
567,10.0,IMBABURA,55.0,URCUQUI,425.0,CAHUASQUI,RURAL
568,10.0,IMBABURA,55.0,URCUQUI,2060.0,LA MERCED DE BUENO,RURAL
569,10.0,IMBABURA,55.0,URCUQUI,2675.0,PABLO ARENAS,RURAL
570,10.0,IMBABURA,55.0,URCUQUI,3365.0,SAN BLAS,RURAL
571,10.0,IMBABURA,55.0,URCUQUI,4080.0,TUMBABIRO,RURAL
572,10.0,IMBABURA,55.0,URCUQUI,6190.0,URCUQUI,URBANA
573,11.0,LOJA,290.0,CATAMAYO,1200.0,EL TAMBO,RURAL
574,11.0,LOJA,290.0,CATAMAYO,1480.0,GUAYQUICHUMA,RURAL
575,11.0,LOJA,290.0,CATAMAYO,3610.0,SAN PEDRO DE LA BENDITA,RURAL
576,11.0,LOJA,290.0,CATAMAYO,4455.0,ZAMBI,RURAL
577,11.0,LOJA,290.0,CATAMAYO,5270.0,CATAMAYO,URBANA
578,11.0,LOJA,290.0,CATAMAYO,6825.0,SAN JOSE,URBANA
579,11.0,LOJA,295.0,ZAPOTILLO,280.0,LIMONES,RURAL
580,11.0,LOJA,295.0,ZAPOTILLO,290.0,GARZAREAL,RURAL
581,11.0,LOJA,295.0,ZAPOTILLO,550.0,CAZADEROS,RURAL
582,11.0,LOJA,295.0,ZAPOTILLO,2710.0,PALETILLAS,RURAL
583,11.0,LOJA,295.0,ZAPOTILLO,6320.0,ZAPOTILLO,URBANA
584,11.0,LOJA,300.0,LOJA,975.0,CHUQUIRIBAMBA,RURAL
585,11.0,LOJA,300.0,LOJA,1135.0,EL CISNE,RURAL
586,11.0,LOJA,300.0,LOJA,1405.0,GUALEL,RURAL
587,11.0,LOJA,300.0,LOJA,1780.0,QUINARA,RURAL
588,11.0,LOJA,300.0,LOJA,1840.0,JIMBILLA,RURAL
589,11.0,LOJA,300.0,LOJA,2325.0,MALACATOS/VALLADOL,RURAL
590,11.0,LOJA,300.0,LOJA,3555.0,SAN LUCAS,RURAL
591,11.0,LOJA,300.0,LOJA,3770.0,SANTIAGO,RURAL
592,11.0,LOJA,300.0,LOJA,3970.0,TAQUIL/MIGUEL RIOF,RURAL
593,11.0,LOJA,300.0,LOJA,4235.0,VILCABAMBA/VICTORI,RURAL
594,11.0,LOJA,300.0,LOJA,4280.0,YANGANA/ARSENIO CA,RURAL
595,11.0,LOJA,300.0,LOJA,4475.0,CHANTACO,RURAL
596,11.0,LOJA,300.0,LOJA,4540.0,SN PEDRO DE VILCAB,RURAL
597,11.0,LOJA,300.0,LOJA,5320.0,EL SAGRARIO,URBANA
598,11.0,LOJA,300.0,LOJA,6015.0,SAN SEBASTIAN,URBANA
599,11.0,LOJA,300.0,LOJA,6100.0,SUCRE,URBANA
600,11.0,LOJA,300.0,LOJA,6210.0,VALLE,URBANA
601,11.0,LOJA,305.0,SARAGURO,310.0,SUMAIPAMBA,RURAL
602,11.0,LOJA,305.0,SARAGURO,1165.0,EL PARAISO DE CELE,RURAL
603,11.0,LOJA,305.0,SARAGURO,1190.0,EL TABLON,RURAL
604,11.0,LOJA,305.0,SARAGURO,2280.0,LLUZHAPA,RURAL
605,11.0,LOJA,305.0,SARAGURO,2360.0,MANU,RURAL
606,11.0,LOJA,305.0,SARAGURO,3340.0,SN ANTONIO DE CUMB,RURAL
607,11.0,LOJA,305.0,SARAGURO,3600.0,SAN PABLO DE TENTA,RURAL
608,11.0,LOJA,305.0,SARAGURO,3665.0,SAN SEBASTIAN DE Y,RURAL
609,11.0,LOJA,305.0,SARAGURO,3815.0,SELVA ALEGRE,RURAL
610,11.0,LOJA,305.0,SARAGURO,4145.0,URDANETA/PAQUISHAP,RURAL
611,11.0,LOJA,305.0,SARAGURO,6075.0,SARAGURO,URBANA
612,11.0,LOJA,310.0,PALTAS,485.0,CANGONAMA,RURAL
613,11.0,LOJA,310.0,PALTAS,545.0,SAN ANTONIO,RURAL
614,11.0,LOJA,310.0,PALTAS,995.0,CASANGA,RURAL
615,11.0,LOJA,310.0,PALTAS,1000.0,YAMANA,RURAL
616,11.0,LOJA,310.0,PALTAS,1380.0,GUACHANAMA,RURAL
617,11.0,LOJA,310.0,PALTAS,2140.0,LAURO GUERRERO,RURAL
618,11.0,LOJA,310.0,PALTAS,2630.0,ORIANGA,RURAL
619,11.0,LOJA,310.0,PALTAS,5180.0,CATACOCHA,URBANA
620,11.0,LOJA,310.0,PALTAS,5595.0,LOURDES,URBANA
621,11.0,LOJA,311.0,OLMEDO,2120.0,LA TINGUE,RURAL
622,11.0,LOJA,311.0,OLMEDO,6730.0,OLMEDO,URBANA
623,11.0,LOJA,315.0,CELICA,695.0,CRUZPAMBA/BUSTAMAN,RURAL
624,11.0,LOJA,315.0,CELICA,1495.0,TNTE MAXIM.RODRIGUEZ,RURAL
625,11.0,LOJA,315.0,CELICA,3255.0,SABANILLA,RURAL
626,11.0,LOJA,315.0,CELICA,3535.0,SAN JUAN DE POZUL,RURAL
627,11.0,LOJA,315.0,CELICA,5195.0,CELICA,URBANA
628,11.0,LOJA,320.0,CALVAS,590.0,COLAIZACA,RURAL
629,11.0,LOJA,320.0,CALVAS,1230.0,EL LUCERO,RURAL
630,11.0,LOJA,320.0,CALVAS,1550.0,SANGUILLIN,RURAL
631,11.0,LOJA,320.0,CALVAS,4150.0,UTUANA,RURAL
632,11.0,LOJA,320.0,CALVAS,5175.0,CARIAMANGA,URBANA
633,11.0,LOJA,320.0,CALVAS,5240.0,CHILE,URBANA
634,11.0,LOJA,320.0,CALVAS,6025.0,SAN VICENTE,URBANA
635,11.0,LOJA,325.0,MACARA,2085.0,LA RAMA,RURAL
636,11.0,LOJA,325.0,MACARA,2145.0,LA VICTORIA,RURAL
637,11.0,LOJA,325.0,MACARA,3265.0,SABIANGO,RURAL
638,11.0,LOJA,325.0,MACARA,5385.0,GRAL.ELOY ALFARO,URBANA
639,11.0,LOJA,325.0,MACARA,5680.0,MACARA,URBANA
640,11.0,LOJA,330.0,PUYANGO,270.0,EL ARENAL,RURAL
641,11.0,LOJA,330.0,PUYANGO,565.0,CIANO,RURAL
642,11.0,LOJA,330.0,PUYANGO,1155.0,EL LIMO/MARIANA DE,RURAL
643,11.0,LOJA,330.0,PUYANGO,2405.0,MERCADILLO,RURAL
644,11.0,LOJA,330.0,PUYANGO,4210.0,VICENTINO,RURAL
645,11.0,LOJA,330.0,PUYANGO,5005.0,ALAMOR,URBANA
646,11.0,LOJA,335.0,GONZANAMA,825.0,CHANGAIMINA/LA LIB,RURAL
647,11.0,LOJA,335.0,GONZANAMA,2520.0,NAMBACOLA,RURAL
648,11.0,LOJA,335.0,GONZANAMA,3045.0,PURUNUMA/EGUIGUREN,RURAL
649,11.0,LOJA,335.0,GONZANAMA,3270.0,SACAPALCA,RURAL
650,11.0,LOJA,335.0,GONZANAMA,5400.0,GONZANAMA,URBANA
651,11.0,LOJA,340.0,ESPINDOLA,320.0,BELLAVISTA,RURAL
652,11.0,LOJA,340.0,ESPINDOLA,790.0,EL INGENIO,RURAL
653,11.0,LOJA,340.0,ESPINDOLA,1645.0,EL AIRO,RURAL
654,11.0,LOJA,340.0,ESPINDOLA,1845.0,JIMBURA,RURAL
655,11.0,LOJA,340.0,ESPINDOLA,3765.0,SANTA TERESITA,RURAL
656,11.0,LOJA,340.0,ESPINDOLA,4460.0,27 DE ABRIL/LA NAR,RURAL
657,11.0,LOJA,340.0,ESPINDOLA,5020.0,AMALUZA,URBANA
658,11.0,LOJA,345.0,SOZORANGA,2575.0,NUEVA FATIMA,RURAL
659,11.0,LOJA,345.0,SOZORANGA,3935.0,TACAMOROS,RURAL
660,11.0,LOJA,345.0,SOZORANGA,6120.0,SOZORANGA,URBANA
661,11.0,LOJA,730.0,PINDAL,835.0,CHAQUINAL,RURAL
662,11.0,LOJA,730.0,PINDAL,1035.0,12 DE DICIEMBRE,RURAL
663,11.0,LOJA,730.0,PINDAL,5810.0,PINDAL/FEDERICO PA,URBANA
664,11.0,LOJA,740.0,QUILANGA,360.0,FUNDOCHAMBA,RURAL
665,11.0,LOJA,740.0,QUILANGA,3345.0,SAN ANTONIO DE LAS,RURAL
666,11.0,LOJA,740.0,QUILANGA,6260.0,QUILANGA/LA PAZ,URBANA
667,11.0,LOJA,815.0,CHAGUARPAMBA,385.0,BUENAVISTA,RURAL
668,11.0,LOJA,815.0,CHAGUARPAMBA,1180.0,EL ROSARIO,RURAL
669,11.0,LOJA,815.0,CHAGUARPAMBA,1450.0,AMARILLOS,RURAL
670,11.0,LOJA,815.0,CHAGUARPAMBA,3755.0,SANTA RUFINA,RURAL
671,11.0,LOJA,815.0,CHAGUARPAMBA,6530.0,CHAGUARPAMBA,URBANA
672,12.0,LOS RIOS,515.0,BABAHOYO,520.0,CARACOL,RURAL
673,12.0,LOS RIOS,515.0,BABAHOYO,1265.0,FEBRES CORDERO,RURAL
674,12.0,LOS RIOS,515.0,BABAHOYO,1525.0,LA UNION,RURAL
675,12.0,LOS RIOS,515.0,BABAHOYO,2875.0,PIMOCHA,RURAL
676,12.0,LOS RIOS,515.0,BABAHOYO,5215.0,CLEMENTE BAQUERIZO,URBANA
677,12.0,LOS RIOS,515.0,BABAHOYO,5285.0,DR CAMILO PONCE EN,URBANA
678,12.0,LOS RIOS,515.0,BABAHOYO,6830.0,BARREIRO/STA RITA,URBANA
679,12.0,LOS RIOS,515.0,BABAHOYO,6835.0,EL SALTO,URBANA
680,12.0,LOS RIOS,516.0,VALENCIA,6685.0,VALENCIA,URBANA
681,12.0,LOS RIOS,520.0,BABA,1460.0,GUARE,RURAL
682,12.0,LOS RIOS,520.0,BABA,1740.0,ISLA DE BEJUCAL,RURAL
683,12.0,LOS RIOS,520.0,BABA,5085.0,BABA,URBANA
684,12.0,LOS RIOS,525.0,VINCES,140.0,ANTONIO SOTOMAYOR,RURAL
685,12.0,LOS RIOS,525.0,VINCES,6245.0,VINCES,URBANA
686,12.0,LOS RIOS,530.0,PUEBLO VIEJO,3015.0,PUERTO PECHICHE,RURAL
687,12.0,LOS RIOS,530.0,PUEBLO VIEJO,3510.0,SAN JUAN,RURAL
688,12.0,LOS RIOS,530.0,PUEBLO VIEJO,5800.0,PUEBLO VIEJO,URBANA
689,12.0,LOS RIOS,535.0,URDANETA,3175.0,RICAURTE,RURAL
690,12.0,LOS RIOS,535.0,URDANETA,5185.0,CATARAMA,URBANA
691,12.0,LOS RIOS,540.0,QUEVEDO,4420.0,LA ESPERANZA,RURAL
692,12.0,LOS RIOS,540.0,QUEVEDO,4425.0,SAN CARLOS,RURAL
693,12.0,LOS RIOS,540.0,QUEVEDO,5855.0,QUEVEDO,URBANA
694,12.0,LOS RIOS,540.0,QUEVEDO,6115.0,SAN CAMILO,URBANA
695,12.0,LOS RIOS,540.0,QUEVEDO,6635.0,SAN CRISTOBAL,URBANA
696,12.0,LOS RIOS,540.0,QUEVEDO,6640.0,VENUS DEL RIO QUEVEDO,URBANA
697,12.0,LOS RIOS,540.0,QUEVEDO,6645.0,NICOLAS INFANTE DIAZ,URBANA
698,12.0,LOS RIOS,540.0,QUEVEDO,6650.0,GUAYACAN,URBANA
699,12.0,LOS RIOS,540.0,QUEVEDO,6655.0,SIETE DE OCTUBRE,URBANA
700,12.0,LOS RIOS,540.0,QUEVEDO,6660.0,VIVA ALFARO,URBANA
701,12.0,LOS RIOS,540.0,QUEVEDO,6690.0,24 DE MAYO,URBANA
702,12.0,LOS RIOS,545.0,VENTANAS,3130.0,QUINSALOMA,RURAL
703,12.0,LOS RIOS,545.0,VENTANAS,4330.0,ZAPOTAL,RURAL
704,12.0,LOS RIOS,545.0,VENTANAS,6235.0,VENTANAS,URBANA
705,12.0,LOS RIOS,710.0,MONTALVO,5640.0,MONTALVO/SABANETA,URBANA
706,12.0,LOS RIOS,750.0,PALENQUE,6330.0,PALENQUE,URBANA
707,12.0,LOS RIOS,945.0,BUENA FE,150.0,PATRICIA PILAR,RURAL
708,12.0,LOS RIOS,945.0,BUENA FE,6465.0,SN JACINTO DE BUENA FE,URBANA
709,12.0,LOS RIOS,945.0,BUENA FE,6855.0,7 DE AGOSTO,URBANA
710,12.0,LOS RIOS,945.0,BUENA FE,6860.0,11 DE OCTUBRE,URBANA
711,12.0,LOS RIOS,946.0,MOCACHE,6695.0,MOCACHE,URBANA
712,13.0,MANABI,230.0,FLAVIO ALFARO,1600.0,NOVILLO,RURAL
713,13.0,MANABI,230.0,FLAVIO ALFARO,1620.0,ZAPALLO,RURAL
714,13.0,MANABI,230.0,FLAVIO ALFARO,5480.0,FLAVIO ALFARO,URBANA
715,13.0,MANABI,440.0,PORTOVIEJO,10.0,ABDON CALDERON,RURAL
716,13.0,MANABI,440.0,PORTOVIEJO,50.0,ALHAJUELA/BAJO GRA,RURAL
717,13.0,MANABI,440.0,PORTOVIEJO,770.0,CRUCITA,RURAL
718,13.0,MANABI,440.0,PORTOVIEJO,1925.0,CHIRIJOS,RURAL
719,13.0,MANABI,440.0,PORTOVIEJO,2970.0,PUEBLO NUEVO,RURAL
720,13.0,MANABI,440.0,PORTOVIEJO,3185.0,RIO CHICO,RURAL
721,13.0,MANABI,440.0,PORTOVIEJO,3625.0,SAN PLACIDO,RURAL
722,13.0,MANABI,440.0,PORTOVIEJO,5030.0,ANDRES DE VERA,URBANA
723,13.0,MANABI,440.0,PORTOVIEJO,5265.0,COLON,URBANA
724,13.0,MANABI,440.0,PORTOVIEJO,5280.0,12 DE MARZO,URBANA
725,13.0,MANABI,440.0,PORTOVIEJO,5795.0,PORTOVIEJO,URBANA
726,13.0,MANABI,440.0,PORTOVIEJO,5845.0,PICOAZA,URBANA
727,13.0,MANABI,440.0,PORTOVIEJO,6585.0,SAN PABLO,URBANA
728,13.0,MANABI,440.0,PORTOVIEJO,6770.0,18 DE OCTUBRE,URBANA
729,13.0,MANABI,440.0,PORTOVIEJO,6775.0,FRANCISCO PACHECO,URBANA
730,13.0,MANABI,445.0,MONTECRISTI,1545.0,LA PILA,RURAL
731,13.0,MANABI,445.0,MONTECRISTI,5665.0,MONTECRISTI,URBANA
732,13.0,MANABI,446.0,JARAMIJO,6755.0,JARAMIJO,URBANA
733,13.0,MANABI,450.0,MANTA,1800.0,SANTA MARIANITA,RURAL
734,13.0,MANABI,450.0,MANTA,3550.0,SAN LORENZO,RURAL
735,13.0,MANABI,450.0,MANTA,5570.0,LOS ESTEROS,URBANA
736,13.0,MANABI,450.0,MANTA,5635.0,MANTA,URBANA
737,13.0,MANABI,450.0,MANTA,6135.0,SAN MATEO,URBANA
738,13.0,MANABI,450.0,MANTA,6155.0,TARQUI,URBANA
739,13.0,MANABI,450.0,MANTA,6745.0,ELOY ALFARO,URBANA
740,13.0,MANABI,455.0,JIPIJAPA,105.0,AMERICA/LA CERA,RURAL
741,13.0,MANABI,455.0,JIPIJAPA,560.0,LA UNION,RURAL
742,13.0,MANABI,455.0,JIPIJAPA,1115.0,EL ANEGADO,RURAL
743,13.0,MANABI,455.0,JIPIJAPA,1880.0,JULCUY,RURAL
744,13.0,MANABI,455.0,JIPIJAPA,2810.0,PEDRO PABLO GOMEZ,RURAL
745,13.0,MANABI,455.0,JIPIJAPA,2990.0,PUERTO CAYO,RURAL
746,13.0,MANABI,455.0,JIPIJAPA,4490.0,MEMBRILLAL,RURAL
747,13.0,MANABI,455.0,JIPIJAPA,5485.0,JIPIJAPA,URBANA
748,13.0,MANABI,460.0,24 DE MAYO,330.0,BELLAVISTA,RURAL
749,13.0,MANABI,460.0,24 DE MAYO,1570.0,ARQ.SIXTO DURAN BALLEN,RURAL
750,13.0,MANABI,460.0,24 DE MAYO,2555.0,NOBOA,RURAL
751,13.0,MANABI,460.0,24 DE MAYO,6105.0,SUCRE,URBANA
752,13.0,MANABI,465.0,ROCAFUERTE,5885.0,ROCAFUERTE,URBANA
753,13.0,MANABI,470.0,SANTA ANA,220.0,AYACUCHO,RURAL
754,13.0,MANABI,470.0,SANTA ANA,1105.0,SAN PABLO,RURAL
755,13.0,MANABI,470.0,SANTA ANA,1610.0,HONORATO VASQUEZ,RURAL
756,13.0,MANABI,470.0,SANTA ANA,2135.0,LA UNION,RURAL
757,13.0,MANABI,470.0,SANTA ANA,6030.0,SANTA ANA,URBANA
758,13.0,MANABI,470.0,SANTA ANA,6725.0,LODANA,URBANA
759,13.0,MANABI,475.0,SUCRE,840.0,CHARAPOTO,RURAL
760,13.0,MANABI,475.0,SUCRE,3445.0,SAN ISIDRO,RURAL
761,13.0,MANABI,475.0,SUCRE,5095.0,BAHIA DE CARAQUEZ,URBANA
762,13.0,MANABI,475.0,SUCRE,5580.0,LEONIDAS PLAZA,URBANA
763,13.0,MANABI,476.0,JAMA,6750.0,JAMA,RURAL
764,13.0,MANABI,477.0,SAN VICENTE,470.0,CANOA,RURAL
765,13.0,MANABI,477.0,SAN VICENTE,6785.0,SAN VICENTE,URBANA
766,13.0,MANABI,480.0,CHONE,380.0,BOYACA,RURAL
767,13.0,MANABI,480.0,CHONE,405.0,CHIBUNGA,RURAL
768,13.0,MANABI,480.0,CHONE,495.0,CANUTO,RURAL
769,13.0,MANABI,480.0,CHONE,640.0,CONVENTO,RURAL
770,13.0,MANABI,480.0,CHONE,1160.0,ELOY ALFARO,RURAL
771,13.0,MANABI,480.0,CHONE,3170.0,RICAURTE,RURAL
772,13.0,MANABI,480.0,CHONE,3350.0,SAN ANTONIO/DEL PE,RURAL
773,13.0,MANABI,480.0,CHONE,5250.0,CHONE,URBANA
774,13.0,MANABI,480.0,CHONE,6055.0,SANTA RITA,URBANA
775,13.0,MANABI,485.0,BOLIVAR,240.0,MEMBRILLO,RURAL
776,13.0,MANABI,485.0,BOLIVAR,3110.0,QUIROGA,RURAL
777,13.0,MANABI,485.0,BOLIVAR,5150.0,CALCETA,URBANA
778,13.0,MANABI,490.0,JUNIN,5505.0,JUNIN,URBANA
779,13.0,MANABI,495.0,PAJAN,460.0,CAMPOZANO,RURAL
780,13.0,MANABI,495.0,PAJAN,540.0,CASCOL,RURAL
781,13.0,MANABI,495.0,PAJAN,1395.0,GUALE/STO.DOMINGO,RURAL
782,13.0,MANABI,495.0,PAJAN,2090.0,LASCANO,RURAL
783,13.0,MANABI,495.0,PAJAN,5755.0,PAJAN,URBANA
784,13.0,MANABI,500.0,EL CARMEN,1070.0,WILFRIDO LOOR MORE,RURAL
785,13.0,MANABI,500.0,EL CARMEN,1980.0,SAN PEDRO DE SUMA,RURAL
786,13.0,MANABI,500.0,EL CARMEN,5300.0,EL CARMEN,URBANA
787,13.0,MANABI,500.0,EL CARMEN,6195.0,4 DE DICIEMBRE,URBANA
788,13.0,MANABI,550.0,TOSAGUA,265.0,BACHILLERO,RURAL
789,13.0,MANABI,550.0,TOSAGUA,2030.0,ANGEL PEDRO GILER,RURAL
790,13.0,MANABI,550.0,TOSAGUA,6170.0,TOSAGUA,URBANA
791,13.0,MANABI,840.0,PICHINCHA,1060.0,SAN SEBASTIAN,RURAL
792,13.0,MANABI,840.0,PICHINCHA,1065.0,BARRAGANETE,RURAL
793,13.0,MANABI,840.0,PICHINCHA,6550.0,PICHINCHA/GERMUD,URBANA
794,13.0,MANABI,910.0,PEDERNALES,580.0,COJIMIES,RURAL
795,13.0,MANABI,910.0,PEDERNALES,785.0,ATAHUALPA,RURAL
796,13.0,MANABI,910.0,PEDERNALES,1030.0,10 DE AGOSTO,RURAL
797,13.0,MANABI,910.0,PEDERNALES,6430.0,PEDERNALES,URBANA
798,13.0,MANABI,970.0,OLMEDO/PUCA,6495.0,OLMEDO/PUCA,URBANA
799,13.0,MANABI,975.0,PUERTO LOPEZ,1920.0,SALANGO,RURAL
800,13.0,MANABI,975.0,PUERTO LOPEZ,2305.0,MACHALILLA,RURAL
801,13.0,MANABI,975.0,PUERTO LOPEZ,6575.0,PUERTO LOPEZ,URBANA
802,14.0,MORONA SANTIAGO,590.0,MORONA,65.0,ALSHI/9 DE OCTUBRE,RURAL
803,14.0,MORONA SANTIAGO,590.0,MORONA,1250.0,CUCHAENTZA,RURAL
804,14.0,MORONA SANTIAGO,590.0,MORONA,1295.0,SAN JOSE DE MORONA,RURAL
805,14.0,MORONA SANTIAGO,590.0,MORONA,1345.0,GENERAL PROANO,RURAL
806,14.0,MORONA SANTIAGO,590.0,MORONA,1730.0,RIO BLANCO,RURAL
807,14.0,MORONA SANTIAGO,590.0,MORONA,3440.0,SAN ISIDRO,RURAL
808,14.0,MORONA SANTIAGO,590.0,MORONA,3830.0,SEVILLA DON BOSCO,RURAL
809,14.0,MORONA SANTIAGO,590.0,MORONA,4360.0,ZUNAC,RURAL
810,14.0,MORONA SANTIAGO,590.0,MORONA,4485.0,SINAI,RURAL
811,14.0,MORONA SANTIAGO,590.0,MORONA,5615.0,MACAS,URBANA
812,14.0,MORONA SANTIAGO,595.0,GUALAQUIZA,90.0,AMAZONAS,RURAL
813,14.0,MORONA SANTIAGO,595.0,GUALAQUIZA,340.0,BERMEJOS,RURAL
814,14.0,MORONA SANTIAGO,595.0,GUALAQUIZA,350.0,BOMBOIZA,RURAL
815,14.0,MORONA SANTIAGO,595.0,GUALAQUIZA,880.0,CHIGUINDA,RURAL
816,14.0,MORONA SANTIAGO,595.0,GUALAQUIZA,1910.0,EL IDEAL,RURAL
817,14.0,MORONA SANTIAGO,595.0,GUALAQUIZA,2565.0,NUEVA TARQUI,RURAL
818,14.0,MORONA SANTIAGO,595.0,GUALAQUIZA,3225.0,ROSARIO,RURAL
819,14.0,MORONA SANTIAGO,595.0,GUALAQUIZA,3580.0,SAN MIGUEL DE CUYE,RURAL
820,14.0,MORONA SANTIAGO,595.0,GUALAQUIZA,5425.0,GUALAQUIZA,URBANA
821,14.0,MORONA SANTIAGO,595.0,GUALAQUIZA,5655.0,MERCEDES MOLINA,URBANA
822,14.0,MORONA SANTIAGO,600.0,LIMON INDANZA,1720.0,INDANZA,RURAL
823,14.0,MORONA SANTIAGO,600.0,LIMON INDANZA,3250.0,SAN MIGUEL DE CONCHAY,RURAL
824,14.0,MORONA SANTIAGO,600.0,LIMON INDANZA,3320.0,SAN ANTONIO,RURAL
825,14.0,MORONA SANTIAGO,600.0,LIMON INDANZA,3760.0,SANTA SUSANA DE CH,RURAL
826,14.0,MORONA SANTIAGO,600.0,LIMON INDANZA,4305.0,YUNGANZA/EL ROSARI,RURAL
827,14.0,MORONA SANTIAGO,600.0,LIMON INDANZA,5390.0,GRAL.LEONIDAS PLAZ,URBANA
828,14.0,MORONA SANTIAGO,605.0,SANTIAGO,645.0,COPAL,RURAL
829,14.0,MORONA SANTIAGO,605.0,SANTIAGO,970.0,CHUPIANZA,RURAL
830,14.0,MORONA SANTIAGO,605.0,SANTIAGO,1365.0,SN FCO DE CHINIMBIMI,RURAL
831,14.0,MORONA SANTIAGO,605.0,SANTIAGO,2795.0,PATUCA,RURAL
832,14.0,MORONA SANTIAGO,605.0,SANTIAGO,3565.0,SAN LUIS DEL ACHO,RURAL
833,14.0,MORONA SANTIAGO,605.0,SANTIAGO,3780.0,SANTIAGO,RURAL
834,14.0,MORONA SANTIAGO,605.0,SANTIAGO,4115.0,TAYUZA,RURAL
835,14.0,MORONA SANTIAGO,605.0,SANTIAGO,5645.0,MENDEZ,URBANA
836,14.0,MORONA SANTIAGO,610.0,SUCUA,180.0,ASUNCION,RURAL
837,14.0,MORONA SANTIAGO,610.0,SUCUA,1140.0,STA.MARIANITA DE J,RURAL
838,14.0,MORONA SANTIAGO,610.0,SUCUA,1635.0,HUAMBI,RURAL
839,14.0,MORONA SANTIAGO,610.0,SUCUA,6110.0,SUCUA,URBANA
840,14.0,MORONA SANTIAGO,611.0,LOGRONO,525.0,SHIMPIS,RURAL
841,14.0,MORONA SANTIAGO,611.0,LOGRONO,4300.0,YAUPI,RURAL
842,14.0,MORONA SANTIAGO,611.0,LOGRONO,6735.0,LOGRONO,URBANA
843,14.0,MORONA SANTIAGO,615.0,PALORA,155.0,ARAPICOS,RURAL
844,14.0,MORONA SANTIAGO,615.0,PALORA,715.0,CUMANDA,RURAL
845,14.0,MORONA SANTIAGO,615.0,PALORA,1685.0,16 DE AGOSTO,RURAL
846,14.0,MORONA SANTIAGO,615.0,PALORA,3420.0,SANGAY,RURAL
847,14.0,MORONA SANTIAGO,615.0,PALORA,5760.0,PALORA,URBANA
848,14.0,MORONA SANTIAGO,795.0,HUAMBOYA,875.0,CHIGUAZA,RURAL
849,14.0,MORONA SANTIAGO,795.0,HUAMBOYA,6390.0,HUAMBOYA,URBANA
850,14.0,MORONA SANTIAGO,796.0,PABLO SEXTO,6870.0,PABLO SEXTO,URBANA
851,14.0,MORONA SANTIAGO,925.0,SAN JUAN BOSCO,710.0,SAN JACINTO DE WAKANBEIS,RURAL
852,14.0,MORONA SANTIAGO,925.0,SAN JUAN BOSCO,1785.0,SANTIAGO DE PANANZA,RURAL
853,14.0,MORONA SANTIAGO,925.0,SAN JUAN BOSCO,2750.0,PAN DE AZUCAR,RURAL
854,14.0,MORONA SANTIAGO,925.0,SAN JUAN BOSCO,3920.0,SAN CARLOS DE LIMON,RURAL
855,14.0,MORONA SANTIAGO,925.0,SAN JUAN BOSCO,6445.0,SAN JUAN BOSCO,URBANA
856,14.0,MORONA SANTIAGO,926.0,TAISHA,595.0,HUASAGA/WAMPUIK,RURAL
857,14.0,MORONA SANTIAGO,926.0,TAISHA,1205.0,TUTINENTZA,RURAL
858,14.0,MORONA SANTIAGO,926.0,TAISHA,2285.0,MACUMA,RURAL
859,14.0,MORONA SANTIAGO,926.0,TAISHA,6700.0,TAISHA,URBANA
860,15.0,NAPO,255.0,EL CHACO,1020.0,G. DIAZ DE PINEDA,RURAL
861,15.0,NAPO,255.0,EL CHACO,2180.0,LINARES,RURAL
862,15.0,NAPO,255.0,EL CHACO,2640.0,OYACACHI,RURAL
863,15.0,NAPO,255.0,EL CHACO,3745.0,STA.ROSA DE QUIJOS,RURAL
864,15.0,NAPO,255.0,EL CHACO,3790.0,SARDINAS,RURAL
865,15.0,NAPO,255.0,EL CHACO,5510.0,EL CHACO,URBANA
866,15.0,NAPO,620.0,TENA,25.0,AHUANO,RURAL
867,15.0,NAPO,620.0,TENA,940.0,CHONTAPUNTA,RURAL
868,15.0,NAPO,620.0,TENA,1930.0,TALAG,RURAL
869,15.0,NAPO,620.0,TENA,2755.0,PANO,RURAL
870,15.0,NAPO,620.0,TENA,3000.0,PUERTO MISAHUALLI,RURAL
871,15.0,NAPO,620.0,TENA,3050.0,PUERTO NAPO,RURAL
872,15.0,NAPO,620.0,TENA,6160.0,TENA,URBANA
873,15.0,NAPO,621.0,C.J.AROSEMENA TOLA,6760.0,CARLOS J.AROSEMENA,URBANA
874,15.0,NAPO,635.0,QUIJOS,670.0,COSANGA,RURAL
875,15.0,NAPO,635.0,QUIJOS,765.0,CUYUJA,RURAL
876,15.0,NAPO,635.0,QUIJOS,2770.0,PAPALLACTA,RURAL
877,15.0,NAPO,635.0,QUIJOS,3395.0,SAN FCO. DE BORJA,RURAL
878,15.0,NAPO,635.0,QUIJOS,3890.0,SUMACO,RURAL
879,15.0,NAPO,635.0,QUIJOS,5090.0,BAEZA,URBANA
880,15.0,NAPO,700.0,ARCHIDONA,685.0,COTUNDO,RURAL
881,15.0,NAPO,700.0,ARCHIDONA,3605.0,SAN PABLO DE USHPA,RURAL
882,15.0,NAPO,700.0,ARCHIDONA,5070.0,ARCHIDONA,URBANA
883,16.0,PASTAZA,680.0,PASTAZA,475.0,CANELOS,RURAL
884,16.0,PASTAZA,680.0,PASTAZA,1025.0,10 DE AGOSTO,RURAL
885,16.0,PASTAZA,680.0,PASTAZA,1260.0,FATIMA,RURAL
886,16.0,PASTAZA,680.0,PASTAZA,1275.0,EL TRIUNFO,RURAL
887,16.0,PASTAZA,680.0,PASTAZA,2450.0,MONTALVO/ANDOAS,RURAL
888,16.0,PASTAZA,680.0,PASTAZA,3055.0,POMONA,RURAL
889,16.0,PASTAZA,680.0,PASTAZA,3180.0,RIO CORRIENTES,RURAL
890,16.0,PASTAZA,680.0,PASTAZA,3195.0,RIO TIGRE,RURAL
891,16.0,PASTAZA,680.0,PASTAZA,3785.0,ZARAYACU,RURAL
892,16.0,PASTAZA,680.0,PASTAZA,3985.0,TARQUI,RURAL
893,16.0,PASTAZA,680.0,PASTAZA,4005.0,TNTE. HUGO ORTIZ,RURAL
894,16.0,PASTAZA,680.0,PASTAZA,4205.0,VERACRUZ,RURAL
895,16.0,PASTAZA,680.0,PASTAZA,4510.0,SIMON BOLIVAR,RURAL
896,16.0,PASTAZA,680.0,PASTAZA,5825.0,PUYO,URBANA
897,16.0,PASTAZA,685.0,MERA,2310.0,MADRE TIERRA,RURAL
898,16.0,PASTAZA,685.0,MERA,3840.0,SHELL,RURAL
899,16.0,PASTAZA,685.0,MERA,5650.0,MERA,URBANA
900,16.0,PASTAZA,880.0,SANTA CLARA,6395.0,SANTA CLARA,URBANA
901,16.0,PASTAZA,881.0,ARAJUNO,735.0,CURARAY,RURAL
902,16.0,PASTAZA,881.0,ARAJUNO,6705.0,ARAJUNO,URBANA
903,17.0,PICHINCHA,60.0,QUITO,30.0,ALANGASI,RURAL
904,17.0,PICHINCHA,60.0,QUITO,80.0,AMAGUANA,RURAL
905,17.0,PICHINCHA,60.0,QUITO,195.0,ATAHUALPA/HABASPAM,RURAL
906,17.0,PICHINCHA,60.0,QUITO,430.0,CALACALI,RURAL
907,17.0,PICHINCHA,60.0,QUITO,440.0,CALDERON,RURAL
908,17.0,PICHINCHA,60.0,QUITO,625.0,CONOCOTO,RURAL
909,17.0,PICHINCHA,60.0,QUITO,725.0,CUMBAYA,RURAL
910,17.0,PICHINCHA,60.0,QUITO,855.0,CHAVEZPAMBA,RURAL
911,17.0,PICHINCHA,60.0,QUITO,865.0,CHECA,RURAL
912,17.0,PICHINCHA,60.0,QUITO,1400.0,GUALEA,RURAL
913,17.0,PICHINCHA,60.0,QUITO,1440.0,GUANGOPOLO,RURAL
914,17.0,PICHINCHA,60.0,QUITO,1475.0,GUAYLLABAMBA,RURAL
915,17.0,PICHINCHA,60.0,QUITO,2055.0,LA MERCED,RURAL
916,17.0,PICHINCHA,60.0,QUITO,2265.0,LLANO CHICO,RURAL
917,17.0,PICHINCHA,60.0,QUITO,2275.0,LLOA,RURAL
918,17.0,PICHINCHA,60.0,QUITO,2525.0,NANEGAL,RURAL
919,17.0,PICHINCHA,60.0,QUITO,2530.0,NANEGALITO,RURAL
920,17.0,PICHINCHA,60.0,QUITO,2540.0,NAYON,RURAL
921,17.0,PICHINCHA,60.0,QUITO,2560.0,NONO,RURAL
922,17.0,PICHINCHA,60.0,QUITO,2690.0,PACTO,RURAL
923,17.0,PICHINCHA,60.0,QUITO,2825.0,PERUCHO,RURAL
924,17.0,PICHINCHA,60.0,QUITO,2855.0,PIFO,RURAL
925,17.0,PICHINCHA,60.0,QUITO,2895.0,PINTAG,RURAL
926,17.0,PICHINCHA,60.0,QUITO,2925.0,POMASQUI,RURAL
927,17.0,PICHINCHA,60.0,QUITO,2980.0,PUELLARO,RURAL
928,17.0,PICHINCHA,60.0,QUITO,2985.0,PUEMBO,RURAL
929,17.0,PICHINCHA,60.0,QUITO,3100.0,QUINCHE,RURAL
930,17.0,PICHINCHA,60.0,QUITO,3325.0,SAN ANTONIO,RURAL
931,17.0,PICHINCHA,60.0,QUITO,3475.0,SAN JOSE DE MINAS,RURAL
932,17.0,PICHINCHA,60.0,QUITO,3925.0,TABABELA,RURAL
933,17.0,PICHINCHA,60.0,QUITO,4085.0,TUMBACO,RURAL
934,17.0,PICHINCHA,60.0,QUITO,4290.0,YARUQUI,RURAL
935,17.0,PICHINCHA,60.0,QUITO,4325.0,ZAMBIZA,RURAL
936,17.0,PICHINCHA,60.0,QUITO,5015.0,ALFARO,URBANA
937,17.0,PICHINCHA,60.0,QUITO,5110.0,BENALCAZAR,URBANA
938,17.0,PICHINCHA,60.0,QUITO,5220.0,COTOCOLLAO,URBANA
939,17.0,PICHINCHA,60.0,QUITO,5235.0,CHAUPICRUZ,URBANA
940,17.0,PICHINCHA,60.0,QUITO,5260.0,CHILLOGALLO,URBANA
941,17.0,PICHINCHA,60.0,QUITO,5325.0,EL SALVADOR,URBANA
942,17.0,PICHINCHA,60.0,QUITO,5410.0,GONZALEZ SUAREZ,URBANA
943,17.0,PICHINCHA,60.0,QUITO,5435.0,GUAPULO,URBANA
944,17.0,PICHINCHA,60.0,QUITO,5530.0,LA FLORESTA,URBANA
945,17.0,PICHINCHA,60.0,QUITO,5535.0,LA LIBERTAD,URBANA
946,17.0,PICHINCHA,60.0,QUITO,5540.0,LA MAGDALENA,URBANA
947,17.0,PICHINCHA,60.0,QUITO,5575.0,LA VICENTINA,URBANA
948,17.0,PICHINCHA,60.0,QUITO,5935.0,SAN BLAS,URBANA
949,17.0,PICHINCHA,60.0,QUITO,5985.0,SAN MARCOS,URBANA
950,17.0,PICHINCHA,60.0,QUITO,6005.0,SAN ROQUE,URBANA
951,17.0,PICHINCHA,60.0,QUITO,6020.0,SAN SEBASTIAN,URBANA
952,17.0,PICHINCHA,60.0,QUITO,6035.0,SANTA BARBARA,URBANA
953,17.0,PICHINCHA,60.0,QUITO,6050.0,SANTA PRISCA,URBANA
954,17.0,PICHINCHA,60.0,QUITO,6240.0,VILLA FLORA,URBANA
955,17.0,PICHINCHA,65.0,CAYAMBE,165.0,ASCAZUBI,RURAL
956,17.0,PICHINCHA,65.0,CAYAMBE,480.0,CANGAHUA,RURAL
957,17.0,PICHINCHA,65.0,CAYAMBE,2600.0,OLMEDO/PESILLO,RURAL
958,17.0,PICHINCHA,65.0,CAYAMBE,2635.0,OTON,RURAL
959,17.0,PICHINCHA,65.0,CAYAMBE,3735.0,STA.ROSA DE CUSUB.,RURAL
960,17.0,PICHINCHA,65.0,CAYAMBE,5060.0,AYORA,URBANA
961,17.0,PICHINCHA,65.0,CAYAMBE,5190.0,CAYAMBE,URBANA
962,17.0,PICHINCHA,65.0,CAYAMBE,5495.0,JUAN MONTALVO,URBANA
963,17.0,PICHINCHA,70.0,MEJIA,55.0,ALOAG,RURAL
964,17.0,PICHINCHA,70.0,MEJIA,60.0,ALOASI,RURAL
965,17.0,PICHINCHA,70.0,MEJIA,650.0,CORNEJO A./TANDAPI,RURAL
966,17.0,PICHINCHA,70.0,MEJIA,755.0,CUTUGLAGUA,RURAL
967,17.0,PICHINCHA,70.0,MEJIA,850.0,CHAUPI,RURAL
968,17.0,PICHINCHA,70.0,MEJIA,3960.0,TAMBILLO,RURAL
969,17.0,PICHINCHA,70.0,MEJIA,4155.0,UYUMBICHO,RURAL
970,17.0,PICHINCHA,70.0,MEJIA,5620.0,MACHACHI,URBANA
971,17.0,PICHINCHA,75.0,PEDRO MONCAYO,2025.0,LA ESPERANZA,RURAL
972,17.0,PICHINCHA,75.0,PEDRO MONCAYO,2330.0,MALCHINGUI,RURAL
973,17.0,PICHINCHA,75.0,PEDRO MONCAYO,4045.0,TOCACHI,RURAL
974,17.0,PICHINCHA,75.0,PEDRO MONCAYO,4090.0,TUPIGACHI,RURAL
975,17.0,PICHINCHA,75.0,PEDRO MONCAYO,6145.0,TABACUNDO,URBANA
976,17.0,PICHINCHA,80.0,RUMINAHUI,680.0,COTOGCHOA,RURAL
977,17.0,PICHINCHA,80.0,RUMINAHUI,3230.0,RUMIPAMBA,RURAL
978,17.0,PICHINCHA,80.0,RUMINAHUI,5965.0,SANGOLQUI,URBANA
979,17.0,PICHINCHA,80.0,RUMINAHUI,6600.0,SAN RAFAEL,URBANA
980,17.0,PICHINCHA,80.0,RUMINAHUI,6605.0,SAN PEDRO DE TABOA,URBANA
981,17.0,PICHINCHA,85.0,SANTO DOMINGO,75.0,ALLURIQUIN,RURAL
982,17.0,PICHINCHA,85.0,SANTO DOMINGO,305.0,VALLE HERMOSO,RURAL
983,17.0,PICHINCHA,85.0,SANTO DOMINGO,1755.0,LUZ DE AMERICA,RURAL
984,17.0,PICHINCHA,85.0,SANTO DOMINGO,1970.0,SAN JACINTO DEL BUA,RURAL
985,17.0,PICHINCHA,85.0,SANTO DOMINGO,4440.0,PUERTO LIMON,RURAL
986,17.0,PICHINCHA,85.0,SANTO DOMINGO,5730.0,ABRAHAM CALAZACON,URBANA
987,17.0,PICHINCHA,85.0,SANTO DOMINGO,5860.0,BOMBOLI,URBANA
988,17.0,PICHINCHA,85.0,SANTO DOMINGO,5865.0,RIO VERDE,URBANA
989,17.0,PICHINCHA,85.0,SANTO DOMINGO,5870.0,RIO TOACHI,URBANA
990,17.0,PICHINCHA,85.0,SANTO DOMINGO,6065.0,S.DOMINGO DE LOS C,URBANA
991,17.0,PICHINCHA,85.0,SANTO DOMINGO,6175.0,CHIGUILPE,URBANA
992,17.0,PICHINCHA,85.0,SANTO DOMINGO,6180.0,ZARACAY,URBANA
993,17.0,PICHINCHA,770.0,SAN MIGUEL DE LOS BANCOS,2410.0,MINDO,RURAL
994,17.0,PICHINCHA,770.0,SAN MIGUEL DE LOS BANCOS,6350.0,S.MIGUEL DE LOS BA,URBANA
995,17.0,PICHINCHA,895.0,PEDRO VICENTE MALDONADO,6415.0,PEDRO VICENTE MALD,URBANA
996,17.0,PICHINCHA,896.0,PUERTO QUITO,6125.0,PUERTO QUITO,URBANA
997,18.0,TUNGURAHUA,90.0,TISALEO,1375.0,QUINCHICOTO,RURAL
998,18.0,TUNGURAHUA,90.0,TISALEO,5515.0,TISALEO,URBANA
999,18.0,TUNGURAHUA,135.0,AMBATO,95.0,AMBATILLO,RURAL
1000,18.0,TUNGURAHUA,135.0,AMBATO,190.0,ATAHUALPA/CHIPZALA,RURAL
1001,18.0,TUNGURAHUA,135.0,AMBATO,210.0,AUGUSTO N MARTINEZ,RURAL
1002,18.0,TUNGURAHUA,135.0,AMBATO,635.0,CONSTANTINO FERNANDEZ,RURAL
1003,18.0,TUNGURAHUA,135.0,AMBATO,800.0,CUNCHIBAMBA,RURAL
1004,18.0,TUNGURAHUA,135.0,AMBATO,810.0,UNAMUNCHO,RURAL
1005,18.0,TUNGURAHUA,135.0,AMBATO,1625.0,HUACHI GRANDE,RURAL
1006,18.0,TUNGURAHUA,135.0,AMBATO,1745.0,IZAMBA,RURAL
1007,18.0,TUNGURAHUA,135.0,AMBATO,1860.0,JUAN BENIGNO VELA,RURAL
1008,18.0,TUNGURAHUA,135.0,AMBATO,2435.0,MONTALVO,RURAL
1009,18.0,TUNGURAHUA,135.0,AMBATO,2775.0,PASA,RURAL
1010,18.0,TUNGURAHUA,135.0,AMBATO,2830.0,PICAIHUA,RURAL
1011,18.0,TUNGURAHUA,135.0,AMBATO,2860.0,PILAHUIN,RURAL
1012,18.0,TUNGURAHUA,135.0,AMBATO,3120.0,QUISAPINCHA,RURAL
1013,18.0,TUNGURAHUA,135.0,AMBATO,3355.0,SAN BARTOLOME,RURAL
1014,18.0,TUNGURAHUA,135.0,AMBATO,3380.0,SAN FERNANDO,RURAL
1015,18.0,TUNGURAHUA,135.0,AMBATO,3730.0,SANTA ROSA,RURAL
1016,18.0,TUNGURAHUA,135.0,AMBATO,4065.0,TOTORAS,RURAL
1017,18.0,TUNGURAHUA,135.0,AMBATO,5045.0,ATOCHA FICOA,URBANA
1018,18.0,TUNGURAHUA,135.0,AMBATO,5230.0,CELIANO MONGE,URBANA
1019,18.0,TUNGURAHUA,135.0,AMBATO,5445.0,HUACHI LORETO,URBANA
1020,18.0,TUNGURAHUA,135.0,AMBATO,5455.0,HUACHI CHICO,URBANA
1021,18.0,TUNGURAHUA,135.0,AMBATO,5545.0,LA MATRIZ,URBANA
1022,18.0,TUNGURAHUA,135.0,AMBATO,5560.0,LA MERCED,URBANA
1023,18.0,TUNGURAHUA,135.0,AMBATO,5605.0,LA PENINSULA,URBANA
1024,18.0,TUNGURAHUA,135.0,AMBATO,5840.0,PISHILATA,URBANA
1025,18.0,TUNGURAHUA,135.0,AMBATO,5945.0,SAN FRANCISCO,URBANA
1026,18.0,TUNGURAHUA,140.0,PELILEO,335.0,BENITEZ/PACHANLICA,RURAL
1027,18.0,TUNGURAHUA,140.0,PELILEO,365.0,BOLIVAR,RURAL
1028,18.0,TUNGURAHUA,140.0,PELILEO,675.0,COTALO,RURAL
1029,18.0,TUNGURAHUA,140.0,PELILEO,900.0,CHIQUICHA,RURAL
1030,18.0,TUNGURAHUA,140.0,PELILEO,1185.0,EL ROSARIO/RUMICHA,RURAL
1031,18.0,TUNGURAHUA,140.0,PELILEO,1320.0,GARCIA MORENO,RURAL
1032,18.0,TUNGURAHUA,140.0,PELILEO,1630.0,HUAMBALO,RURAL
1033,18.0,TUNGURAHUA,140.0,PELILEO,3905.0,SALASACA,RURAL
1034,18.0,TUNGURAHUA,140.0,PELILEO,5780.0,PELILEO,URBANA
1035,18.0,TUNGURAHUA,140.0,PELILEO,5900.0,PELILEO GRA/R.MINO,URBANA
1036,18.0,TUNGURAHUA,145.0,PILLARO,295.0,BAQUERIZO MORENO,RURAL
1037,18.0,TUNGURAHUA,145.0,PILLARO,1210.0,EMILIO MARIA TERAN,RURAL
1038,18.0,TUNGURAHUA,145.0,PILLARO,2375.0,MARCOS ESPINEL,RURAL
1039,18.0,TUNGURAHUA,145.0,PILLARO,2945.0,PRESIDENTE URBINA,RURAL
1040,18.0,TUNGURAHUA,145.0,PILLARO,3300.0,SAN ANDRES,RURAL
1041,18.0,TUNGURAHUA,145.0,PILLARO,3485.0,SAN JOSE DE POALO,RURAL
1042,18.0,TUNGURAHUA,145.0,PILLARO,3585.0,SAN MIGUELITO,RURAL
1043,18.0,TUNGURAHUA,145.0,PILLARO,5225.0,CUIDAD NUEVA,URBANA
1044,18.0,TUNGURAHUA,145.0,PILLARO,5785.0,PILLARO,URBANA
1045,18.0,TUNGURAHUA,150.0,BANOS,2270.0,LLIGUA,RURAL
1046,18.0,TUNGURAHUA,150.0,BANOS,3190.0,RIO NEGRO,RURAL
1047,18.0,TUNGURAHUA,150.0,BANOS,3200.0,RIO VERDE,RURAL
1048,18.0,TUNGURAHUA,150.0,BANOS,4135.0,ULBA,RURAL
1049,18.0,TUNGURAHUA,150.0,BANOS,5105.0,BANOS,URBANA
1050,18.0,TUNGURAHUA,155.0,PATATE,2210.0,LOS ANDES,RURAL
1051,18.0,TUNGURAHUA,155.0,PATATE,3885.0,SUCRE,RURAL
1052,18.0,TUNGURAHUA,155.0,PATATE,4110.0,EL TRIUNFO,RURAL
1053,18.0,TUNGURAHUA,155.0,PATATE,5830.0,PATATE,URBANA
1054,18.0,TUNGURAHUA,160.0,QUERO,4310.0,YANAYACU MOCHAPATA,RURAL
1055,18.0,TUNGURAHUA,160.0,QUERO,4550.0,RUMIPAMBA,RURAL
1056,18.0,TUNGURAHUA,160.0,QUERO,5835.0,QUERO,URBANA
1057,18.0,TUNGURAHUA,845.0,CEVALLOS,6555.0,CEVALLOS,URBANA
1058,18.0,TUNGURAHUA,850.0,MOCHA,4555.0,PINGUILI,RURAL
1059,18.0,TUNGURAHUA,850.0,MOCHA,6560.0,MOCHA,URBANA
1060,19.0,ZAMORA CHINCHIPE,130.0,NANGARITZA,1675.0,ZURMI,RURAL
1061,19.0,ZAMORA CHINCHIPE,130.0,NANGARITZA,5520.0,GUAYZIMI,URBANA
1062,19.0,ZAMORA CHINCHIPE,655.0,ZAMORA,720.0,CUMBARATZA,RURAL
1063,19.0,ZAMORA CHINCHIPE,655.0,ZAMORA,1390.0,GUADALUPE,RURAL
1064,19.0,ZAMORA CHINCHIPE,655.0,ZAMORA,1770.0,SAN CARLOS DE LAS MINAS,RURAL
1065,19.0,ZAMORA CHINCHIPE,655.0,ZAMORA,2155.0,LA VICTORIA DE IMBANA,RURAL
1066,19.0,ZAMORA CHINCHIPE,655.0,ZAMORA,3260.0,SABANILLA,RURAL
1067,19.0,ZAMORA CHINCHIPE,655.0,ZAMORA,4010.0,TIMBARA,RURAL
1068,19.0,ZAMORA CHINCHIPE,655.0,ZAMORA,6305.0,ZAMORA,URBANA
1069,19.0,ZAMORA CHINCHIPE,655.0,ZAMORA,6840.0,LIMON,URBANA
1070,19.0,ZAMORA CHINCHIPE,660.0,CHINCHIPE,915.0,CHITO,RURAL
1071,19.0,ZAMORA CHINCHIPE,660.0,CHINCHIPE,1145.0,EL CHORRO,RURAL
1072,19.0,ZAMORA CHINCHIPE,660.0,CHINCHIPE,2015.0,LA CHONTA,RURAL
1073,19.0,ZAMORA CHINCHIPE,660.0,CHINCHIPE,2955.0,PUCAPAMBA,RURAL
1074,19.0,ZAMORA CHINCHIPE,660.0,CHINCHIPE,6315.0,ZUMBA,URBANA
1075,19.0,ZAMORA CHINCHIPE,661.0,PALANDA,1240.0,EL PORVENIR DEL CA,RURAL
1076,19.0,ZAMORA CHINCHIPE,661.0,PALANDA,4195.0,VALLADOLID,RURAL
1077,19.0,ZAMORA CHINCHIPE,661.0,PALANDA,4505.0,SN FCO DEL VERGEL,RURAL
1078,19.0,ZAMORA CHINCHIPE,661.0,PALANDA,6740.0,PALANDA,URBANA
1079,19.0,ZAMORA CHINCHIPE,665.0,YACUAMBI,2070.0,LA PAZ,RURAL
1080,19.0,ZAMORA CHINCHIPE,665.0,YACUAMBI,4105.0,TUTUPALI,RURAL
1081,19.0,ZAMORA CHINCHIPE,665.0,YACUAMBI,6215.0,28 DE MAYO,URBANA
1082,19.0,ZAMORA CHINCHIPE,670.0,YANZATZA,985.0,CHICANA,RURAL
1083,19.0,ZAMORA CHINCHIPE,670.0,YANZATZA,2240.0,LOS ENCUENTROS,RURAL
1084,19.0,ZAMORA CHINCHIPE,670.0,YANZATZA,6295.0,YANZATZA,URBANA
1085,19.0,ZAMORA CHINCHIPE,775.0,EL PANGUI,665.0,EL GUISMI,RURAL
1086,19.0,ZAMORA CHINCHIPE,775.0,EL PANGUI,945.0,TUNDAYME,RURAL
1087,19.0,ZAMORA CHINCHIPE,775.0,EL PANGUI,1015.0,PACHICUTZA,RURAL
1088,19.0,ZAMORA CHINCHIPE,775.0,EL PANGUI,6355.0,EL PANGUI,URBANA
1089,19.0,ZAMORA CHINCHIPE,980.0,CENTINELA DEL CONDOR,1990.0,PAQUISHA,RURAL
1090,19.0,ZAMORA CHINCHIPE,980.0,CENTINELA DEL CONDOR,6625.0,ZUMBI,URBANA
1091,20.0,GALAPAGOS,800.0,SAN CRISTOBAL,1220.0,EL PROGRESO,RURAL
1092,20.0,GALAPAGOS,800.0,SAN CRISTOBAL,4415.0,ISLA SANTA MARIA,RURAL
1093,20.0,GALAPAGOS,800.0,SAN CRISTOBAL,6510.0,PUERTO BAQUERIZO M,URBANA
1094,20.0,GALAPAGOS,805.0,SANTA CRUZ,235.0,BELLAVISTA,RURAL
1095,20.0,GALAPAGOS,805.0,SANTA CRUZ,1985.0,SANTA ROSA,RURAL
1096,20.0,GALAPAGOS,805.0,SANTA CRUZ,6505.0,PUERTO AYORA,URBANA
1097,20.0,GALAPAGOS,810.0,ISABELA,4165.0,TOMAS DE BERLANGA,RURAL
1098,20.0,GALAPAGOS,810.0,ISABELA,6515.0,PUERTO VILLAMIL,URBANA
1099,21.0,SUCUMBIOS,625.0,LAGO AGRIO,1045.0,DURENO,RURAL
1100,21.0,SUCUMBIOS,625.0,LAGO AGRIO,1285.0,EL ENO,RURAL
1101,21.0,SUCUMBIOS,625.0,LAGO AGRIO,1290.0,PACAYACU,RURAL
1102,21.0,SUCUMBIOS,625.0,LAGO AGRIO,1330.0,GENERAL FARFAN,RURAL
1103,21.0,SUCUMBIOS,625.0,LAGO AGRIO,1790.0,SANTA CECILIA,RURAL
1104,21.0,SUCUMBIOS,625.0,LAGO AGRIO,1795.0,JAMBELI,RURAL
1105,21.0,SUCUMBIOS,625.0,LAGO AGRIO,5710.0,NUEVA LOJA,URBANA
1106,21.0,SUCUMBIOS,626.0,CUYABENO,760.0,CUYABENO,RURAL
1107,21.0,SUCUMBIOS,626.0,CUYABENO,1555.0,AGUAS NEGRAS,RURAL
1108,21.0,SUCUMBIOS,626.0,CUYABENO,6765.0,TARAPOA,URBANA
1109,21.0,SUCUMBIOS,640.0,SUCUMBIOS,1170.0,EL PLAYON DE SAN F,RURAL
1110,21.0,SUCUMBIOS,640.0,SUCUMBIOS,2095.0,LA SOFIA,RURAL
1111,21.0,SUCUMBIOS,640.0,SUCUMBIOS,3220.0,ROSA FLORIDA,RURAL
1112,21.0,SUCUMBIOS,640.0,SUCUMBIOS,3690.0,SANTA BARBARA,RURAL
1113,21.0,SUCUMBIOS,640.0,SUCUMBIOS,5525.0,LA BONITA,URBANA
1114,21.0,SUCUMBIOS,650.0,PUTUMAYO,2720.0,PALMA ROJA,RURAL
1115,21.0,SUCUMBIOS,650.0,PUTUMAYO,3005.0,PUERTO BOLIVAR,RURAL
1116,21.0,SUCUMBIOS,650.0,PUTUMAYO,3020.0,PUERTO RODRIGUEZ,RURAL
1117,21.0,SUCUMBIOS,650.0,PUTUMAYO,3705.0,SANTA ELENA,RURAL
1118,21.0,SUCUMBIOS,650.0,PUTUMAYO,6500.0,EL CARMEN PUTUMAYO,URBANA
1119,21.0,SUCUMBIOS,720.0,SHUSHUFINDI,600.0,SAN PEDRO DE LOS C,RURAL
1120,21.0,SUCUMBIOS,720.0,SHUSHUFINDI,780.0,SIETE DE JULIO,RURAL
1121,21.0,SUCUMBIOS,720.0,SHUSHUFINDI,2175.0,LIMONCOCHA,RURAL
1122,21.0,SUCUMBIOS,720.0,SHUSHUFINDI,2765.0,PANACOCHA,RURAL
1123,21.0,SUCUMBIOS,720.0,SHUSHUFINDI,3645.0,SAN ROQUE,RURAL
1124,21.0,SUCUMBIOS,720.0,SHUSHUFINDI,6140.0,SHUSHUFINDI CENTRA,URBANA
1125,21.0,SUCUMBIOS,745.0,CASCALES,1095.0,SEVILLA,RURAL
1126,21.0,SUCUMBIOS,745.0,CASCALES,3750.0,STA.ROSA DE SUCUMB,RURAL
1127,21.0,SUCUMBIOS,745.0,CASCALES,6325.0,EL DORADO DE CASCA,URBANA
1128,21.0,SUCUMBIOS,865.0,GONZALO PIZARRO,230.0,EL REVENTADOR,RURAL
1129,21.0,SUCUMBIOS,865.0,GONZALO PIZARRO,1090.0,GONZALO PIZARRO,RURAL
1130,21.0,SUCUMBIOS,865.0,GONZALO PIZARRO,3615.0,PUERTO LIBRE,RURAL
1131,21.0,SUCUMBIOS,865.0,GONZALO PIZARRO,6300.0,LUMBAQUI,URBANA
1132,22.0,ORELLANA,630.0,AGUARICO,510.0,CAP.AUGUSTO RIVAD.,RURAL
1133,22.0,ORELLANA,630.0,AGUARICO,630.0,CONONACO,RURAL
1134,22.0,ORELLANA,630.0,AGUARICO,3720.0,STA.MARIA DE HUIR.,RURAL
1135,22.0,ORELLANA,630.0,AGUARICO,4020.0,TIPUTINI,RURAL
1136,22.0,ORELLANA,630.0,AGUARICO,4295.0,YASUNI,RURAL
1137,22.0,ORELLANA,630.0,AGUARICO,5700.0,NUEVO ROCAFUERTE,URBANA
1138,22.0,ORELLANA,645.0,FCO.DE ORELLANA,1235.0,DAYUMA,RURAL
1139,22.0,ORELLANA,645.0,FCO.DE ORELLANA,1245.0,TARACOA,RURAL
1140,22.0,ORELLANA,645.0,FCO.DE ORELLANA,1560.0,EL DORADO,RURAL
1141,22.0,ORELLANA,645.0,FCO.DE ORELLANA,1565.0,INES ARANGO,RURAL
1142,22.0,ORELLANA,645.0,FCO.DE ORELLANA,1580.0,ALEJANDRO LABACA,RURAL
1143,22.0,ORELLANA,645.0,FCO.DE ORELLANA,1590.0,EL EDEN,RURAL
1144,22.0,ORELLANA,645.0,FCO.DE ORELLANA,1810.0,GARCIA MORENO,RURAL
1145,22.0,ORELLANA,645.0,FCO.DE ORELLANA,1820.0,LA BELLEZA,RURAL
1146,22.0,ORELLANA,645.0,FCO.DE ORELLANA,1935.0,SAN LUIS DE ARMENIA,RURAL
1147,22.0,ORELLANA,645.0,FCO.DE ORELLANA,1940.0,NUEVO PARAISO,RURAL
1148,22.0,ORELLANA,645.0,FCO.DE ORELLANA,1945.0,SAN JOSE DE GUAYUSA,RURAL
1149,22.0,ORELLANA,645.0,FCO.DE ORELLANA,1995.0,LABACA,RURAL
1150,22.0,ORELLANA,645.0,FCO.DE ORELLANA,5815.0,PTO.FCO.DE ORELLAN,URBANA
1151,22.0,ORELLANA,725.0,JOYA DE LOS SAGCHAS,415.0,SAN CARLOS,RURAL
1152,22.0,ORELLANA,725.0,JOYA DE LOS SAGCHAS,490.0,ENOKANQUI,RURAL
1153,22.0,ORELLANA,725.0,JOYA DE LOS SAGCHAS,1950.0,RUMIPAMBA,RURAL
1154,22.0,ORELLANA,725.0,JOYA DE LOS SAGCHAS,1955.0,TRES DE NOVIEMBRE,RURAL
1155,22.0,ORELLANA,725.0,JOYA DE LOS SAGCHAS,1960.0,LAGO SAN PEDRO,RURAL
1156,22.0,ORELLANA,725.0,JOYA DE LOS SAGCHAS,1965.0,UNION MILAGRENA,RURAL
1157,22.0,ORELLANA,725.0,JOYA DE LOS SAGCHAS,2930.0,POMPEYA,RURAL
1158,22.0,ORELLANA,725.0,JOYA DE LOS SAGCHAS,3660.0,SAN SEBASTIAN DE C,RURAL
1159,22.0,ORELLANA,725.0,JOYA DE LOS SAGCHAS,6200.0,LA JOYA DE LOS SAC,URBANA
1160,22.0,ORELLANA,935.0,LORETO,215.0,AVILA,RURAL
1161,22.0,ORELLANA,935.0,LORETO,400.0,SAN VICENTE DE HUATICOCHA,RURAL
1162,22.0,ORELLANA,935.0,LORETO,1050.0,PUERTO MURIALDO,RURAL
1163,22.0,ORELLANA,935.0,LORETO,1680.0,SAN JOSE DE DAHUANO,RURAL
1164,22.0,ORELLANA,935.0,LORETO,3480.0,SAN JOSE DE PAYAMINO,RURAL
1165,22.0,ORELLANA,935.0,LORETO,6455.0,LORETO,URBANA
